,name,code,diffTemp
0,Antigua And Barbuda,ATG,
1,Algeria,DZA,
2,Azerbaijan,AZE,
3,Albania,ALB,4.01453145087236
4,Armenia,ARM,
5,Angola,AGO,
6,American Samoa,ASM,
7,Argentina,ARG,
8,Australia,AUS,
9,Bahrain,BHR,
10,Barbados,BRB,
11,Bermuda,BMU,
12,Bahamas,BHS,16.325464784205696
13,Bangladesh,BGD,
14,Belize,BLZ,
15,Bosnia And Herzegovina,BIH,1.805698117539027
16,Bolivia,BOL,
17,Burma,MMR,
18,Benin,BEN,
19,Solomon Islands,SLB,
20,Brazil,BRA,
21,Bulgaria,BGR,1.870614784205694
22,Brunei Darussalam,BRN,
23,Canada,CAN,-11.808510215794307
24,Cambodia,KHM,
25,Sri Lanka,LKA,
26,Congo,COG,
27,Congo (Democratic Republic Of The),COD,
28,Burundi,BDI,
29,China,CHN,
30,Afghanistan,AFG,
31,Bhutan,BTN,
32,Chile,CHL,
33,Cayman Islands,CYM,
34,Cameroon,CMR,
35,Chad,TCD,
36,Comoros,COM,
37,Colombia,COL,
38,Costa Rica,CRI,
39,Central African Republic,CAF,
40,Cuba,CUB,
41,Cape Verde,CPV,
42,Cook Islands,COK,
43,Cyprus,CYP,
44,Denmark (Europe),DNK,-0.8713018824609735
45,Djibouti,DJI,
46,Dominica,DMA,
47,Dominican Republic,DOM,
48,Ecuador,ECU,
49,Egypt,EGY,
50,Ireland,IRL,0.6883647842056924
51,Equatorial Guinea,GNQ,
52,Estonia,EST,-3.839968549127639
53,Eritrea,ERI,
54,El Salvador,SLV,
55,Ethiopia,ETH,
56,Austria,AUT,-2.473301882460973
57,Czech Republic,CZE,-1.145385215794306
58,French Guiana,GUF,
59,Finland,FIN,-7.35796854912764
60,Fiji,FJI,
61,Falkland Islands (Islas Malvinas),FLK,
62,Micronesia ,FSM,
63,French Polynesia,PYF,
64,France,FRA,4.149281450872364
65,Gambia,GMB,
66,Gabon,GAB,
67,Georgia,GEO,
68,Ghana,GHA,
69,Grenada,GRD,
70,Greenland,GRL,
71,Germany,DEU,-0.5865518824609737
72,Guam,GUM,
73,Greece,GRC,6.1831981175390265
74,Guatemala,GTM,
75,Guinea,GIN,
76,Guyana,GUY,
77,Haiti,HTI,
78,Honduras,HND,
79,Croatia,HRV,2.718781450872358
80,Hungary,HUN,1.0396147842056926
81,Iceland,ISL,-7.224801882460973
82,India,IND,
83,Iran,IRN,
84,Israel,ISR,
85,Italy,ITA,4.185448117539027
86,Côte D'Ivoire,CIV,
87,Iraq,IRQ,
88,Japan,JPN,
89,Jamaica,JAM,
90,Jordan,JOR,
91,Kenya,KEN,
92,Kyrgyzstan,KGZ,
93,North Korea,PRK,
94,Kiribati,KIR,
95,South Korea,KOR,
96,Kuwait,KWT,
97,Kazakhstan,KAZ,
98,Laos,LAO,
99,Lebanon,LBN,
100,Latvia,LVA,-3.3701352157943054
101,Belarus,BLR,-2.824718549127639
102,Lithuania,LTU,-2.8004685491276406
103,Liberia,LBR,
104,Slovakia,SVK,-1.1931352157943058
105,Liechtenstein,LIE,-3.9501352157943064
106,Libya,LBY,
107,Madagascar,MDG,
108,Martinique,MTQ,
109,Mongolia,MNG,
110,Montserrat,MSR,
111,Macedonia,MKD,1.7718647842056932
112,Mali,MLI,
113,Morocco,MAR,
114,Mauritius,MUS,
115,Mauritania,MRT,
116,Malta,MLT,9.93028145087236
117,Oman,OMN,
118,Maldives,MDV,
119,Mexico,MEX,
120,Malaysia,MYS,
121,Mozambique,MOZ,
122,Malawi,MWI,
123,New Caledonia,NCL,
124,Niue,NIU,
125,Niger,NER,
126,Aruba,ABW,
127,Anguilla,AIA,
128,Belgium,BEL,0.7775314508723614
129,Hong Kong,HKG,
130,Northern Mariana Islands,MNP,
131,Faroe Islands,FRO,-2.0597185491276386
132,Andorra,AND,2.609281450872359
133,Gibraltar,GIB,
134,Isle Of Man,IMN,0.6076981175390266
135,Luxembourg,LUX,0.4817814508723597
136,Macau,MAC,
137,Monaco,MCO,0.43669811753902543
138,Palestina,PSE,
139,Montenegro,MNE,1.6066981175390271
140,Mayotte,MYT,
141,Åland,ALA,-3.5225518824609736
142,Norfolk Island,NFK,
143,Cocos (Keeling) Islands,CCK,
144,Antarctica,ATA,
145,Bouvet Island,BVT,
146,French Southern And Antarctic Lands,ATF,
147,Heard Island And Mcdonald Islands,HMD,
148,British Indian Ocean Territory,IOT,
149,Christmas Island,CXR,
150,United States Minor Outlying Islands,UMI,
151,Vanuatu,VUT,
152,Nigeria,NGA,
153,Netherlands,NLD,0.8020314508723612
154,Norway,NOR,-8.550801882460974
155,Nepal,NPL,
156,Nauru,NRU,
157,Suriname,SUR,
158,Nicaragua,NIC,
159,New Zealand,NZL,
160,Paraguay,PRY,
161,Peru,PER,
162,Pakistan,PAK,
163,Poland,POL,-1.291218549127641
164,Panama,PAN,
165,Portugal,PRT,6.083114784205696
166,Papua New Guinea,PNG,
167,Guinea Bissau,GNB,
168,Qatar,QAT,
169,Reunion,REU,
170,Romania,ROU,0.12128145087235964
171,Moldova,MDA,0.3033647842056961
172,Philippines,PHL,
173,Puerto Rico,PRI,
174,Russia,RUS,
175,Rwanda,RWA,
176,Saudi Arabia,SAU,
177,Saint Kitts And Nevis,KNA,
178,Seychelles,SYC,
179,South Africa,ZAF,
180,Lesotho,LSO,
181,Botswana,BWA,
182,Senegal,SEN,
183,Slovenia,SVN,1.0361147842056937
184,Sierra Leone,SLE,
185,Singapore,SGP,
186,Somalia,SOM,
187,Spain,ESP,5.018114784205693
188,Saint Lucia,LCA,
189,Sudan,SDN,
190,Sweden,SWE,-6.313718549127641
191,Syria,SYR,
192,Switzerland,CHE,-1.5540518824609721
193,Trinidad And Tobago,TTO,
194,Thailand,THA,
195,Tajikistan,TJK,
196,Tokelau,TKL,
197,Tonga,TON,
198,Togo,TGO,
199,Sao Tome And Principe,STP,
200,Tunisia,TUN,11.415364784205696
201,Turkey,TUR,
202,Tuvalu,TUV,
203,Turkmenistan,TKM,
204,Tanzania,TZA,
205,Uganda,UGA,
206,United Kingdom,GBR,-0.25646854912764105
207,Ukraine,UKR,-0.9636352157943078
208,United States,USA,2.0658647842056936
209,Burkina Faso,BFA,
210,Uruguay,URY,
211,Uzbekistan,UZB,
212,Saint Vincent And The Grenadines,VCT,
213,Venezuela,VEN,
214,British Virgin Islands,VGB,
215,Vietnam,VNM,
216,Virgin Islands,VIR,
217,Namibia,NAM,
218,French Polynesia,WLF,
219,Samoa,WSM,
220,Swaziland,SWZ,
221,Yemen,YEM,
222,Zambia,ZMB,
223,Zimbabwe,ZWE,
224,Indonesia,IDN,
225,Guadeloupe,GLP,
226,Sint Maarten,ANT,
227,United Arab Emirates,ARE,
228,Timor Leste,TLS,
229,Pitcairn Islands,PCN,
230,Palau,PLW,
231,Marshall Islands,MHL,
232,Saint Pierre and Miquelon,SPM,
233,Saint Helena,SHN,
234,San Marino,SMR,5.266114784205692
235,Turks And Caicas Islands,TCA,
236,Western Sahara,ESH,
237,Serbia,SRB,1.358281450872358
238,Holy See (Vatican City),VAT,
239,Svalbard And Jan Mayen,SJM,-16.01713521579431
240,Saint Martin,MAF,
241,Saint Barthélemy,BLM,
242,Guernsey,GGY,2.19578145087236
243,Jersey,JEY,2.19578145087236
244,South Georgia And The South Sandwich Isla,SGS,
245,Taiwan,TWN,
