,City,Latitude,Longitude
0,Århus,57.05,10.33
1,Çorlu,40.99,27.69
2,Çorum,40.99,34.08
3,Öskemen,50.63,82.39
4,Ürümqi,44.2,87.2
5,A Coruña,42.59,-8.73
6,Aachen,50.63,6.34
7,Aalborg,57.05,10.33
8,Aba,5.63,8.07
9,Abadan,29.74,48.0
10,Abakaliki,5.63,8.07
11,Abakan,53.84,91.36
12,Abbotsford,49.03,-122.45
13,Abengourou,7.23,-4.05
14,Abeokuta,7.23,4.05
15,Aberdeen,57.05,-1.48
16,Abha,18.48,42.25
17,Abidjan,5.63,-3.23
18,Abiko,36.17,139.23
19,Abilene,32.95,-100.53
20,Abohar,29.74,73.85
21,Abomey Calavi,7.23,2.43
22,Abu Dhabi,24.92,54.98
23,Abuja,8.84,7.3
24,Acapulco,16.87,-100.47
25,Acarigua,8.84,-68.92
26,Accra,5.63,-0.0
27,Achalpur,21.7,77.02
28,Acheng,45.81,128.08
29,Achinsk,57.05,90.0
30,Acuña,29.74,-101.54
31,Adana,36.17,35.8
32,Addis Abeba,8.84,38.11
33,Adelaide,-34.56,138.16
34,Aden,13.66,45.41
35,Adilabad,20.09,78.48
36,Adiwerna,-7.23,109.46
37,Adoni,15.27,77.5
38,Afyonkarahisar,39.38,31.21
39,Agadir,29.74,-9.23
40,Agartala,23.31,91.75
41,Agboville,5.63,-4.84
42,Ageo,36.17,139.23
43,Agra,26.52,78.81
44,Aguascalientes,21.7,-102.98
45,Ahmadabad,23.31,72.52
46,Ahmadnagar,18.48,74.37
47,Ahmadpur East,29.74,72.0
48,Ahvaz,31.35,49.01
49,Aix En Provence,44.2,4.47
50,Aizawl,23.31,93.5
51,Ajdabiya,31.35,20.73
52,Ajmer,26.52,75.22
53,Akashi,34.56,134.27
54,Akishima,36.17,139.23
55,Akita,39.38,139.42
56,Akola,20.09,76.78
57,Akron,40.99,-80.95
58,Aksaray,37.78,34.58
59,Aksu,40.99,80.95
60,Aktau,44.2,51.43
61,Akure,7.23,5.68
62,Akyab,20.09,92.13
63,Alagoinhas,-12.05,-37.81
64,Alandur,13.66,80.09
65,Alanya,36.17,31.82
66,Alappuzha,8.84,77.03
67,Albacete,39.38,-2.08
68,Alberton,-26.52,28.66
69,Albuquerque,34.56,-107.03
70,Albury,-36.17,147.18
71,Alcalá De Henares,40.99,-4.26
72,Alcobendas,40.99,-4.26
73,Alcorcón,40.99,-4.26
74,Aleppo,36.17,37.79
75,Alexandria,31.35,30.16
76,Algeciras,36.17,-5.97
77,Algiers,36.17,3.98
78,Aligarh,28.13,77.27
79,Allahabad,24.92,81.58
80,Allentown,40.99,-74.56
81,Almaty,42.59,76.36
82,Almería,36.17,-1.99
83,Almere,52.24,5.26
84,Almetyevsk,55.45,51.02
85,Alor Setar,5.63,100.09
86,Altay,47.42,88.82
87,Alwar,28.13,77.27
88,Amadora,39.38,-8.32
89,Amagasaki,34.56,136.22
90,Amaigbo,5.63,8.07
91,Amarillo,34.56,-101.19
92,Ambala,29.74,77.54
93,Ambarnath,18.48,72.68
94,Ambato,-0.8,-77.95
95,Ambattur,13.66,80.09
96,Ambon,-4.02,127.77
97,Ambur,12.05,78.9
98,Americana,-23.31,-48.06
99,Amersfoort,52.24,5.26
100,Amiens,49.03,2.45
101,Amol,36.17,51.71
102,Amravati,21.7,77.02
103,Amritsar,31.35,75.39
104,Amroha,28.13,79.09
105,Amsterdam,52.24,5.26
106,Anápolis,-16.87,-48.56
107,Anaco,8.84,-64.05
108,Anaheim,32.95,-117.77
109,Anand,23.31,72.52
110,Ananindeua,-0.8,-49.02
111,Anantapur,15.27,77.5
112,Anbu,23.31,116.21
113,Anchorage,61.88,-151.13
114,Ancona,44.2,13.42
115,Anda,45.81,125.77
116,Andijon,40.99,72.43
117,Angarsk,52.24,105.11
118,Angeles,15.27,120.83
119,Angers,47.42,-1.18
120,Angra Dos Reis,-23.31,-44.56
121,Angren,40.99,70.3
122,Anjo,34.56,136.22
123,Ankang,32.95,108.19
124,Ankara,39.38,33.29
125,Ann Arbor,42.59,-82.91
126,Anqing,31.35,116.86
127,Anqiu,36.17,119.34
128,Anshan,40.99,123.55
129,Anshun,26.52,105.67
130,Antakya,36.17,35.8
131,Antalya,37.78,30.51
132,Antananarivo,-18.48,47.32
133,Antioch,37.78,-122.03
134,Antipolo,15.27,120.83
135,Antofagasta,-23.31,-70.78
136,Antsirabe,-20.09,47.77
137,Antwerp,50.63,3.8
138,Anyama,5.63,-4.84
139,Anyang,36.17,113.37
140,Apeldoorn,52.24,5.26
141,Apodaca,26.52,-100.3
142,Apopa,13.66,-90.0
143,Apucarana,-23.31,-51.55
144,Aqtöbe,50.63,57.04
145,Ara,24.92,85.12
146,Araçatuba,-21.7,-51.06
147,Aracaju,-10.45,-36.82
148,Arad,45.81,21.92
149,Araguaína,-7.23,-47.84
150,Arak,34.56,50.59
151,Arapiraca,-10.45,-36.82
152,Araraquara,-21.7,-47.6
153,Araras,-21.7,-47.6
154,Araruama,-23.31,-42.82
155,Araucária,-24.92,-49.66
156,Ardabil,37.78,48.81
157,Arequipa,-16.87,-72.0
158,Arica,-18.48,-70.99
159,Arjawinangun,-7.23,107.84
160,Arkhangelsk,65.09,40.21
161,Arlington,32.95,-96.7
162,Armavir,45.81,40.38
163,Armenia,4.02,-76.34
164,Arnhem,52.24,5.26
165,Arusha,-4.02,36.16
166,Arvada,39.38,-106.13
167,Aryanah,36.17,9.94
168,Arzamas,55.45,42.52
169,Asahikawa,44.2,143.11
170,Asaka,36.17,139.23
171,Asansol,23.31,86.5
172,Asfi,32.95,-8.62
173,Asgabat,37.78,58.98
174,Ashdod,31.35,33.93
175,Ashikaga,36.17,139.23
176,Ashqelon,31.35,33.93
177,Asmara,15.27,39.17
178,Astana,50.63,72.25
179,Astanajapura,-7.23,107.84
180,Astrakhan,45.81,47.31
181,Asunción,-24.92,-58.52
182,Aswan,23.31,32.33
183,Asyut,26.52,30.45
184,Athens,37.78,24.41
185,Atibaia,-23.31,-46.31
186,Atlanta,34.56,-83.68
187,Atsugi,36.17,139.23
188,Atyrau,47.42,50.92
189,Auckland,-36.17,175.03
190,Augsburg,47.42,10.66
191,Aurangabad,20.09,75.07
192,Aurora,39.38,-104.05
193,Austin,29.74,-97.85
194,Avadi,13.66,80.09
195,Awassa,7.23,38.11
196,Awka,5.63,6.46
197,Ayacucho,-13.66,-73.49
198,Ayer Itam,5.63,100.09
199,Azamgarh,26.52,82.39
200,Azare,12.05,9.86
201,Bénin,7.23,5.68
202,Babakan,-7.23,107.84
203,Babol,36.17,51.71
204,Bac Lieu,8.84,106.22
205,Bacau,45.81,26.54
206,Bacolod,10.45,123.55
207,Bacoor,15.27,120.83
208,Badajoz,39.38,-6.24
209,Badalona,40.99,2.13
210,Badaojiang,42.59,126.55
211,Badlapur,18.48,72.68
212,Bafoussam,5.63,9.69
213,Bagaha,26.52,84.18
214,Baghdad,32.95,45.0
215,Baglan,36.17,69.61
216,Bago,16.87,97.12
217,Baguio,16.87,120.56
218,Bahadurgarh,28.13,77.27
219,Baharampur,23.31,88.25
220,Bahawalnagar,29.74,73.85
221,Bahawalpur,29.74,72.0
222,Bahia Blanca,-39.38,-62.43
223,Bahir Dar,12.05,37.81
224,Bahraich,28.13,80.91
225,Baia Mare,47.42,22.5
226,Baicheng,45.81,123.46
227,Baidyabati,23.31,88.25
228,Baiyin,36.17,103.43
229,Bakersfield,36.17,-119.34
230,Baku,40.99,48.99
231,Balakovo,52.24,47.3
232,Balashikha,55.45,36.85
233,Baleshwar,21.7,87.4
234,Balikpapan,-0.8,116.52
235,Baliuag,15.27,120.83
236,Ballia,26.52,84.18
237,Bally,23.31,88.25
238,Balti,47.42,27.24
239,Baltimore,39.38,-76.99
240,Balurghat,24.92,88.67
241,Bama,12.05,13.15
242,Bamako,12.05,-8.22
243,Bamenda,5.63,9.69
244,Banda,24.92,79.8
245,Banda Aceh,5.63,95.25
246,Bandar E Anzali,37.78,48.81
247,Bandar Maharani,2.41,102.05
248,Bandar Penggaram,2.41,103.66
249,Bandundu,-4.02,16.88
250,Bandung,-7.23,107.84
251,Baneh,36.17,45.75
252,Bangalore,12.05,77.26
253,Bangaon,23.31,88.25
254,Bangkok,13.66,99.91
255,Bangui,4.02,18.48
256,Banja Luka,44.2,17.89
257,Banjaran,-7.23,107.84
258,Banjarmasin,-4.02,114.91
259,Bankura,23.31,86.5
260,Bansbaria,23.31,88.25
261,Bantou,24.92,118.82
262,Banyuwangi,-8.84,114.32
263,Baoding,39.38,114.45
264,Baoji,34.56,107.03
265,Baoshan,47.42,131.45
266,Barakpur,23.31,88.25
267,Baranagar,23.31,88.25
268,Barasat,23.31,88.25
269,Barbacena,-21.7,-44.13
270,Barcelona,40.99,2.13
271,Barddhaman,23.31,88.25
272,Bareli,28.13,79.09
273,Bari,40.99,17.04
274,Barinas,8.84,-70.54
275,Baripada,21.7,87.4
276,Barisal,23.31,90.0
277,Barnala,29.74,75.69
278,Barnaul,53.84,83.18
279,Barquisimeto,10.45,-69.55
280,Barra Mansa,-21.7,-44.13
281,Barrancabermeja,7.23,-73.78
282,Barranquilla,10.45,-74.45
283,Barreiras,-12.05,-44.38
284,Barretos,-20.09,-47.77
285,Barrie,44.2,-80.5
286,Barsi,18.48,76.06
287,Barueri,-23.31,-46.31
288,Baruta,10.45,-66.27
289,Basel,47.42,8.29
290,Basildon,52.24,-0.0
291,Basirhat,23.31,88.25
292,Basti,26.52,82.39
293,Bat Yam,31.35,33.93
294,Bata,2.41,10.45
295,Batala,31.35,75.39
296,Batangas,13.66,121.38
297,Bataysk,47.42,39.08
298,Batman,37.78,40.68
299,Baton Rouge,29.74,-90.46
300,Baturaja,-4.02,103.66
301,Bauchi,10.45,10.64
302,Bauru,-21.7,-49.33
303,Bayamo,20.09,-76.78
304,Bayrut,34.56,35.03
305,Beaumont,29.74,-94.15
306,Beawar,26.52,73.43
307,Begusarai,24.92,86.9
308,Beian,47.42,126.71
309,Beibei,29.74,107.08
310,Beihai,21.7,109.9
311,Beipiao,40.99,121.42
312,Beira,-20.09,34.12
313,Beirut,34.56,35.03
314,Bekasi,-5.63,106.55
315,Belém,-0.8,-49.02
316,Belawan,4.02,98.84
317,Belfast,55.45,-5.67
318,Belford Roxo,-23.31,-42.82
319,Belgaum,15.27,74.17
320,Belgorod,50.63,36.76
321,Belgrade,44.2,20.12
322,Bellary,15.27,77.5
323,Bellevue,47.42,-121.97
324,Bello,5.63,-75.87
325,Belo Horizonte,-20.09,-44.36
326,Bene Beraq,32.95,35.43
327,Bengbu,32.95,117.77
328,Benghazi,32.95,20.11
329,Bengkulu,-4.02,102.05
330,Benguela,-12.05,13.15
331,Benha,29.74,31.38
332,Beni Suef,29.74,31.38
333,Benoni,-26.52,28.66
334,Benxi,40.99,123.55
335,Beppu,32.95,131.17
336,Berbera,10.45,45.0
337,Berezniki,58.66,55.38
338,Bergamo,45.81,10.38
339,Bergen,60.27,6.49
340,Bergisch Gladbach,50.63,6.34
341,Berkeley,37.78,-122.03
342,Berlin,52.24,13.14
343,Bern,47.42,8.29
344,Bertoua,4.02,13.66
345,Besançon,47.42,5.92
346,Bethal,-26.52,28.66
347,Betim,-20.09,-44.36
348,Bettiah,26.52,84.18
349,Bhadravati,13.66,75.14
350,Bhadreswar,23.31,88.25
351,Bhagalpur,24.92,86.9
352,Bhairab Bazar,24.92,90.44
353,Bharatpur,26.52,77.01
354,Bharuch,21.7,73.56
355,Bhatpara,23.31,88.25
356,Bhavnagar,21.7,71.83
357,Bhilai,21.7,82.21
358,Bhilwara,24.92,74.48
359,Bhimavaram,16.87,82.05
360,Bhind,26.52,78.81
361,Bhiwandi,20.09,73.36
362,Bhiwani,28.13,75.45
363,Bhopal,23.31,77.77
364,Bhubaneswar,20.09,85.31
365,Bhuj,23.31,69.03
366,Bhusawal,21.7,75.29
367,Biên Hòa,10.45,107.18
368,Bialystok,53.84,23.18
369,Bid,18.48,76.06
370,Bida,8.84,5.68
371,Bidar,18.48,77.75
372,Bielefeld,52.24,7.88
373,Bielsko Biala,50.63,19.01
374,Bihar,24.92,85.12
375,Bijapur,16.87,75.35
376,Bikaner,28.13,73.64
377,Bila Tserkva,49.03,29.39
378,Bilaspur,21.7,82.21
379,Bilbao,42.59,-2.18
380,Binangonan,13.66,121.38
381,Binjai,4.02,98.84
382,Bintulu,2.41,113.3
383,Binzhou,37.78,117.97
384,Biratnagar,26.52,87.76
385,Birganj,26.52,84.18
386,Birigui,-21.7,-51.06
387,Birjand,32.95,58.4
388,Birmingham,52.24,-2.63
389,Birnin Kebbi,12.05,4.93
390,Bisho,-32.95,27.77
391,Bissau,12.05,-14.79
392,Bitung,0.8,124.55
393,Biysk,52.24,84.09
394,Blackburn,53.84,-1.36
395,Blackpool,53.84,-4.09
396,Blagoveshchensk,50.63,128.03
397,Blantyre,-15.27,35.83
398,Blitar,-8.84,112.7
399,Bloemfontein,-29.74,25.85
400,Blumenau,-26.52,-48.36
401,Boa Vista,2.41,-60.27
402,Bobo Dioulasso,10.45,-4.09
403,Bochum,52.24,7.88
404,Bogor,-7.23,106.22
405,Bogotá,4.02,-74.73
406,Bohicon,7.23,2.43
407,Bojnurd,37.78,56.95
408,Bokaro,23.31,86.5
409,Boksburg,-26.52,28.66
410,Bologna,44.2,11.18
411,Bolton,53.84,-1.36
412,Boma,-5.63,12.91
413,Bombay,18.48,72.68
414,Bonn,50.63,6.34
415,Bontang,0.8,118.13
416,Bordeaux,44.2,-0.0
417,Borujerd,34.56,48.65
418,Boshan,36.17,117.35
419,Boston,42.59,-72.0
420,Botad,21.7,71.83
421,Botosani,47.42,27.24
422,Botshabelo,-29.74,27.69
423,Bottrop,52.24,7.88
424,Botucatu,-23.31,-48.06
425,Bouaké,7.23,-5.68
426,Boulogne Billancourt,49.03,2.45
427,Bournemouth,50.63,-1.27
428,Bozhou,32.95,115.85
429,Bradford,53.84,-1.36
430,Braga,40.99,-8.52
431,Bragança Paulista,-23.31,-46.31
432,Brahmapur,18.48,84.51
433,Braila,45.81,28.85
434,Brakpan,-26.52,28.66
435,Brasília,-15.27,-47.5
436,Brasov,45.81,26.54
437,Bratislava,47.42,17.76
438,Bratsk,55.45,102.05
439,Brazzaville,-4.02,15.27
440,Brebes,-7.23,109.46
441,Breda,52.24,5.26
442,Bremen,53.84,9.55
443,Bremerhaven,53.84,9.55
444,Brescia,45.81,10.38
445,Brest,52.24,23.65
446,Bridgeport,40.99,-72.43
447,Brighton,50.63,-1.27
448,Brikama,13.66,-17.34
449,Brisbane,-28.13,153.64
450,Bristol,52.24,-2.63
451,Brits,-24.92,28.37
452,Brno,49.03,17.14
453,Brownsville,26.52,-96.72
454,Brugge,50.63,3.8
455,Brunswick,52.24,10.51
456,Brussels,50.63,3.8
457,Bryansk,53.84,34.09
458,Bucaramanga,7.23,-73.78
459,Bucharest,44.2,26.83
460,Budapest,47.42,20.13
461,Budaun,28.13,79.09
462,Buenaventura,4.02,-76.34
463,Buffalo,42.59,-78.55
464,Buga,4.02,-76.34
465,Bugama,4.02,7.23
466,Buhe,29.74,112.62
467,Bujumbura,-4.02,29.73
468,Bukan,36.17,45.75
469,Bukavu,-2.41,28.13
470,Bukit Mertajam,5.63,100.09
471,Bulandshahr,28.13,77.27
472,Bulaon,15.27,120.83
473,Bulawayo,-20.09,29.0
474,Buon Me Thuot,12.05,108.49
475,Buraydah,26.52,44.78
476,Burbank,34.56,-118.7
477,Burewala,29.74,72.0
478,Burgas,42.59,28.36
479,Burgos,42.59,-4.36
480,Burhanpur,21.7,77.02
481,Bursa,39.38,29.13
482,Bushehr,29.74,51.69
483,Butembo,0.8,29.73
484,Butterworth,5.63,100.09
485,Butuan,8.84,125.68
486,Buzau,45.81,26.54
487,Bydgoszcz,53.84,17.73
488,Bytom,50.63,19.01
489,Cà Mau,8.84,104.59
490,Córdoba,18.48,-96.34
491,Cúa,10.45,-66.27
492,Cúcuta,7.23,-72.16
493,Cabanatuan,15.27,120.83
494,Cabimas,10.45,-71.18
495,Cabo Frio,-23.31,-42.82
496,Cabudare,10.45,-69.55
497,Cachoeirinha,-29.74,-51.69
498,Cachoeiro De Itapemirim,-20.09,-40.95
499,Cadiz,10.45,123.55
500,Caen,49.03,-0.0
501,Cagayan De Oro,8.84,124.05
502,Cagliari,39.38,8.32
503,Cagua,10.45,-67.91
504,Cainta,15.27,120.83
505,Cairns,-16.87,145.67
506,Cairo,29.74,31.38
507,Cajamarca,-7.23,-78.65
508,Calabar,5.63,8.07
509,Calabozo,8.84,-67.3
510,Calama,-23.31,-69.03
511,Calamba,13.66,121.38
512,Calcutta,23.31,88.25
513,Calgary,50.63,-112.82
514,Cali,4.02,-76.34
515,Cam Pha,21.7,108.17
516,Cam Ranh,12.05,108.49
517,Camaçari,-12.05,-37.81
518,Camagüey,21.7,-78.75
519,Camaragibe,-7.23,-34.86
520,Cambridge,52.24,-0.0
521,Campeche,20.09,-90.43
522,Campina Grande,-7.23,-36.49
523,Campinas,-23.31,-46.31
524,Campo Grande,-20.09,-54.6
525,Campos,-21.7,-40.67
526,Can Tho,10.45,105.55
527,Canberra,-36.17,149.17
528,Cancún,21.7,-87.4
529,Cangzhou,37.78,115.93
530,Canoas,-29.74,-51.69
531,Cap Haïtien,20.09,-71.66
532,Cape Coast,5.63,-1.61
533,Cape Coral,26.52,-82.39
534,Cape Town,-32.95,18.19
535,Capiatá,-24.92,-56.75
536,Carúpano,10.45,-63.0
537,Caracas,10.45,-66.27
538,Carapicuíba,-23.31,-46.31
539,Cardiff,52.24,-2.63
540,Cariacica,-20.09,-40.95
541,Carmen,18.48,-91.27
542,Carolina,18.48,-65.92
543,Carrefour,18.48,-72.68
544,Carrollton,32.95,-96.7
545,Cartagena,10.45,-76.09
546,Cartago,4.02,-76.34
547,Caruaru,-8.84,-36.49
548,Cary,36.17,-79.56
549,Casablanca,32.95,-6.7
550,Cascavel,-24.92,-53.2
551,Castanhal,-0.8,-47.41
552,Catamarca,-28.13,-66.36
553,Catanduva,-21.7,-49.33
554,Catania,37.78,14.24
555,Catia La Mar,10.45,-66.27
556,Caucaia,-4.02,-39.38
557,Cavite,15.27,120.83
558,Caxias,-5.63,-43.59
559,Caxias Do Sul,-29.74,-51.69
560,Cebu,10.45,123.55
561,Cedar Rapids,42.59,-91.64
562,Celaya,20.09,-100.66
563,Chakwal,32.95,73.72
564,Chalco,20.09,-98.96
565,Champdani,23.31,88.25
566,Chandannagar,23.31,88.25
567,Chandausi,28.13,79.09
568,Chandigarh,31.35,77.28
569,Chandler,32.95,-112.02
570,Chandpur,23.31,90.0
571,Chandrapur,20.09,78.48
572,Changchun,44.2,125.22
573,Changde,28.13,111.82
574,Changji,44.2,87.2
575,Changzhou,31.35,120.63
576,Chaohu,31.35,118.74
577,Chaoyang,40.99,121.42
578,Chaozhou,23.31,116.21
579,Chapecó,-26.52,-53.73
580,Charallave,10.45,-66.27
581,Charleroi,50.63,3.8
582,Charleston,32.95,-79.47
583,Charlotte,34.56,-81.73
584,Chas,23.31,86.5
585,Chattanooga,34.56,-85.62
586,Chavakachcheri,8.84,80.27
587,Cheboksary,55.45,48.19
588,Chelmsford,52.24,-0.0
589,Cheltenham,52.24,-2.63
590,Chelyabinsk,55.45,62.36
591,Chemnitz,50.63,13.94
592,Chengde,40.99,117.16
593,Chengdu,31.35,103.66
594,Chenghai,23.31,116.21
595,Chenzhou,26.52,112.84
596,Cherepovets,58.66,36.92
597,Cherkasy,49.03,31.84
598,Cherkessk,44.2,42.48
599,Chernihiv,52.24,31.53
600,Chernivtsi,49.03,26.94
601,Chesapeake,36.17,-75.58
602,Chetumal,18.48,-87.89
603,Chhapra,26.52,84.18
604,Chhatarpur,24.92,79.8
605,Chhindwara,21.7,78.75
606,Chiang Mai,18.48,99.72
607,Chicago,42.59,-87.27
608,Chiclayo,-7.23,-80.27
609,Chifeng,42.59,120.0
610,Chigasaki,36.17,139.23
611,Chihuahua,28.13,-106.36
612,Chikmagalur,13.66,75.14
613,Chillan,-36.17,-71.6
614,Chilpancingo,18.48,-99.72
615,Chimalhuacán,20.09,-98.96
616,Chimbote,-8.84,-78.65
617,Chimoio,-18.48,33.8
618,Chinandega,12.05,-87.12
619,Chincha Alta,-13.66,-76.79
620,Chingola,-12.05,27.95
621,Chiniot,31.35,73.51
622,Chishtian Mandi,29.74,72.0
623,Chisinau,47.42,29.61
624,Chita,52.24,112.99
625,Chitradurga,13.66,76.79
626,Chittaurgarh,24.92,74.48
627,Chitungwiza,-18.48,30.42
628,Chizhou,31.35,116.86
629,Chofu,36.17,139.23
630,Choloma,15.27,-87.5
631,Chon Buri,13.66,101.56
632,Chongqing,29.74,107.08
633,Chorzow,50.63,19.01
634,Chosica,-12.05,-77.26
635,Christchurch,-44.2,172.17
636,Chula Vista,32.95,-117.77
637,Chuncheng,21.7,111.63
638,Chungho,24.92,120.59
639,Chupei,24.92,120.59
640,Churu,28.13,75.45
641,Chuzhou,32.95,117.77
642,Ciamis,-7.23,107.84
643,Ciampea,-7.23,106.22
644,Cianjur,-7.23,107.84
645,Cibadak,-7.23,106.22
646,Cibinong,-5.63,106.55
647,Cibitung,-5.63,106.55
648,Cicalengka,-7.23,107.84
649,Ciego De Ávila,21.7,-78.75
650,Cienfuegos,21.7,-80.48
651,Cikampek,-7.23,107.84
652,Cikarang,-5.63,106.55
653,Cikupa,-5.63,106.55
654,Cilegon,-5.63,106.55
655,Cileungsi,-5.63,106.55
656,Cileunyi,-7.23,107.84
657,Cimahi,-7.23,107.84
658,Cincinnati,39.38,-85.32
659,Ciomas,-7.23,106.22
660,Ciparay,-7.23,107.84
661,Ciputat,-5.63,106.55
662,Cirebon,-7.23,107.84
663,Cisaat,-7.23,106.22
664,Cisarua,-5.63,106.55
665,Citeureup,-5.63,106.55
666,Ciudad Bolívar,8.84,-64.05
667,Ciudad Guayana,8.84,-62.43
668,Ciudad Valles,21.7,-99.52
669,Clarksville,36.17,-87.51
670,Clearwater,28.13,-82.73
671,Clermont Ferrand,45.81,3.46
672,Cleveland,40.99,-80.95
673,Cluj Napoca,47.42,22.5
674,Coacalco,20.09,-98.96
675,Coatzacoalcos,18.48,-94.65
676,Cochabamba,-16.87,-66.98
677,Coimbra,40.99,-8.52
678,Colatina,-20.09,-40.95
679,Colchester,52.24,-0.0
680,Colima,20.09,-104.08
681,Cologne,50.63,6.34
682,Colombo,-24.92,-49.66
683,Colorado Springs,39.38,-104.05
684,Columbia,34.56,-81.73
685,Columbus,32.95,-85.21
686,Comodoro Rivadavia,-45.81,-68.08
687,Conakry,8.84,-13.78
688,Concepcion,-36.17,-73.59
689,Concord,37.78,-122.03
690,Concordia,-31.35,-58.43
691,Conselheiro Lafaiete,-20.09,-44.36
692,Constanta,44.2,29.07
693,Constantine,36.17,5.97
694,Contagem,-20.09,-44.36
695,Copenhagen,55.45,11.34
696,Copiapo,-28.13,-70.0
697,Coquimbo,-29.74,-72.0
698,Coral Springs,26.52,-80.6
699,Cordoba,-31.35,-64.08
700,Cork,52.24,-7.88
701,Coro,12.05,-69.04
702,Corona,32.95,-117.77
703,Coronel Fabriciano,-20.09,-42.65
704,Corpus Christi,28.13,-97.27
705,Corrientes,-28.13,-59.09
706,Costa Mesa,32.95,-117.77
707,Cotabato,7.23,124.05
708,Cotia,-23.31,-46.31
709,Cotonou,7.23,2.43
710,Cottbus,52.24,13.14
711,Coventry,52.24,-2.63
712,Cracow,50.63,19.01
713,Craiova,44.2,24.6
714,Crawley,50.63,-1.27
715,Criciúma,-28.13,-50.0
716,Cuautitlán Izcalli,20.09,-98.96
717,Cuautla,18.48,-99.72
718,Cubatão,-23.31,-46.31
719,Cuddapah,15.27,79.17
720,Cuenca,-2.41,-79.55
721,Cuernavaca,18.48,-99.72
722,Cuiabá,-15.27,-55.83
723,Culiacán,24.92,-108.18
724,Cumaná,10.45,-64.64
725,Curico,-34.56,-72.0
726,Curitiba,-24.92,-49.66
727,Curug,-5.63,106.55
728,Cusco,-13.66,-71.83
729,Czestochowa,50.63,19.01
730,Düsseldorf,50.63,6.34
731,Da Lat,12.05,108.49
732,Da Nang,15.27,107.5
733,Daan,29.74,105.23
734,Dabrowa Gornicza,50.63,19.01
735,Dadiangas,5.63,125.92
736,Dadu,26.52,68.06
737,Dagupan,16.87,120.56
738,Dahuk,36.17,43.76
739,Daito,34.56,136.22
740,Dakar,15.27,-17.5
741,Dali,26.52,100.3
742,Dalian,39.38,120.69
743,Daliang,23.31,112.72
744,Dallas,32.95,-96.7
745,Daloa,7.23,-5.68
746,Damascus,32.95,35.43
747,Damaturu,12.05,11.51
748,Damoh,23.31,79.51
749,Dandong,39.38,124.86
750,Danshui,23.31,114.47
751,Dar Es Salaam,-7.23,39.73
752,Darbhanga,26.52,85.97
753,Darjiling,26.52,87.76
754,Darmstadt,50.63,8.87
755,Daska,32.95,73.72
756,Dasmariñas,13.66,121.38
757,Dasoguz,40.99,59.64
758,Datong,40.99,112.9
759,Daugavpils,55.45,25.51
760,Davao,7.23,125.68
761,Dawei,13.66,98.26
762,Dawukou,39.38,106.13
763,Daxian,31.35,107.43
764,Dayton,39.38,-83.24
765,Debre Zeyit,8.84,39.73
766,Debrecen,47.42,22.5
767,Dehra Dun,29.74,77.54
768,Dehri,24.92,83.35
769,Dehui,44.2,125.22
770,Dekernes,31.35,32.04
771,Delhi,28.13,77.27
772,Delicias,28.13,-106.36
773,Delmas,18.48,-72.68
774,Denizli,37.78,28.47
775,Denpasar,-8.84,115.95
776,Denton,32.95,-96.7
777,Denver,39.38,-104.05
778,Deoria,26.52,84.18
779,Depok,-5.63,106.55
780,Dera Ghazi Khan,29.74,70.15
781,Dera Ismail Khan,31.35,71.62
782,Derbent,42.59,48.0
783,Derby,53.84,-1.36
784,Des Moines,40.99,-93.73
785,Dese,10.45,40.09
786,Detroit,42.59,-82.91
787,Dewas,23.31,76.02
788,Deyang,31.35,103.66
789,Dezful,32.95,48.83
790,Dezhou,37.78,115.93
791,Dhaka,23.31,90.0
792,Dhanbad,23.31,86.5
793,Dharan,26.52,87.76
794,Dharmavaram,15.27,77.5
795,Dhaulpur,26.52,77.01
796,Dhule,20.09,75.07
797,Diadema,-23.31,-46.31
798,Dibrugarh,28.13,95.45
799,Didao,45.81,130.38
800,Digos,7.23,125.68
801,Dijon,47.42,5.92
802,Dimapur,26.52,93.13
803,Dimitrovgrad,53.84,50.45
804,Dinajpur,24.92,88.67
805,Dindigul,10.45,77.73
806,Dingzhou,39.38,114.45
807,Diourbel,15.27,-15.83
808,Dire Dawa,10.45,41.73
809,Divinópolis,-20.09,-44.36
810,Divo,5.63,-4.84
811,Djougou,10.45,2.45
812,Do Rud,32.95,48.83
813,Dodoma,-5.63,35.52
814,Doha,24.92,51.43
815,Donghai,23.31,116.21
816,Dongli,20.09,110.9
817,Dongling,40.99,123.55
818,Dongtai,32.95,119.68
819,Dongying,37.78,117.97
820,Dordrecht,52.24,5.26
821,Dortmund,52.24,7.88
822,Dos Hermanas,37.78,-6.1
823,Dos Quebradas,5.63,-75.87
824,Douala,4.02,10.45
825,Dourados,-21.7,-54.52
826,Downey,34.56,-118.7
827,Dresden,50.63,13.94
828,Drobeta Turnu Severin,44.2,22.36
829,Dubai,24.92,54.98
830,Dublin,53.84,-6.82
831,Dudley,52.24,-2.63
832,Duisburg,50.63,6.34
833,Dum Dum,23.31,88.25
834,Duma,32.95,37.34
835,Dumaguete,8.84,124.05
836,Dumai,2.41,102.05
837,Dundee,57.05,-4.43
838,Dunedin,-45.81,169.62
839,Dunhua,42.59,128.73
840,Duque De Caxias,-23.31,-42.82
841,Durango,24.92,-104.63
842,Durban,-29.74,31.38
843,Durg,21.7,80.48
844,Durgapur,23.31,86.5
845,Durham,36.17,-79.56
846,Durrës,40.99,19.17
847,Dushanbe,39.38,68.67
848,Dzerzhinsk,57.05,42.79
849,East London,-32.95,27.77
850,East Los Angeles,34.56,-118.7
851,Eastbourne,50.63,1.27
852,Ebetsu,42.59,141.82
853,Ebina,36.17,139.23
854,Ecatepec,20.09,-98.96
855,Edéa,4.02,10.45
856,Ede,52.24,5.26
857,Edinburgh,55.45,-2.83
858,Edirne,42.59,26.18
859,Edison,40.99,-74.56
860,Edmonton,53.84,-113.18
861,Eindhoven,52.24,5.26
862,Ejido,8.84,-70.54
863,Ejigbo,7.23,4.05
864,Ekibastuz,52.24,76.2
865,El Faiyûm,29.74,31.38
866,El Limón,10.45,-67.91
867,El Mahalla El Kubra,31.35,32.04
868,El Monte,34.56,-118.7
869,El Paso,31.35,-105.55
870,El Progreso,15.27,-87.5
871,El Tigre,8.84,-64.05
872,Elbasan,40.99,19.17
873,Elblag,53.84,20.45
874,Eldoret,0.8,34.55
875,Elektrostal,55.45,39.69
876,Elista,45.81,45.0
877,Elizabeth,40.99,-74.56
878,Eluru,16.87,80.37
879,Embu,-23.31,-46.31
880,Emmen,52.24,7.88
881,Encheng,21.7,111.63
882,Engels,50.63,46.9
883,Enschede,52.24,7.88
884,Ensenada,31.35,-116.86
885,Enugu,7.23,7.3
886,Envigado,5.63,-75.87
887,Erfurt,50.63,11.41
888,Erlangen,49.03,9.8
889,Erode,12.05,77.26
890,Erzincan,39.38,39.54
891,Erzurum,39.38,41.62
892,Escondido,32.95,-117.77
893,Escuintla,15.27,-90.83
894,Esenyurt,40.99,27.69
895,Esfahan,32.95,50.74
896,Eskisehir,39.38,31.21
897,Eslamshahr,36.17,51.71
898,Esmeraldas,-20.09,-44.36
899,Espoo,60.27,25.95
900,Essen,50.63,6.34
901,Etah,28.13,79.09
902,Etawah,26.52,78.81
903,Eugene,44.2,-122.98
904,Evansville,37.78,-87.46
905,Exeter,50.63,-3.8
906,Ezhou,29.74,114.46
907,Fürth,49.03,9.8
908,Fairfield,37.78,-122.03
909,Faisalabad,31.35,73.51
910,Faizabad,26.52,82.39
911,Faridabad,28.13,77.27
912,Faridpur,23.31,90.0
913,Farrukhabad,28.13,79.09
914,Fatehpur,26.52,80.6
915,Fayetteville,34.56,-79.78
916,Feira De Santana,-12.05,-39.45
917,Fengcheng,40.99,123.55
918,Fengshan,23.31,119.71
919,Fernando De La Mora,-24.92,-56.75
920,Ferrara,44.2,11.18
921,Ferraz De Vasconcelos,-23.31,-46.31
922,Fez,34.56,-5.84
923,Fianarantsoa,-21.7,47.6
924,Firozabad,26.52,78.81
925,Firozpur,31.35,75.39
926,Flint,42.59,-82.91
927,Florence,44.2,11.18
928,Florencia,2.41,-76.34
929,Florianópolis,-28.13,-48.18
930,Floridablanca,7.23,-73.78
931,Focsani,45.81,26.54
932,Foggia,40.99,14.91
933,Fontana,34.56,-116.76
934,Forlì,44.2,11.18
935,Formosa,-26.52,-57.31
936,Fort Collins,40.99,-104.38
937,Fort Lauderdale,26.52,-80.6
938,Fort Wayne,40.99,-85.21
939,Fort Worth,32.95,-96.7
940,Fortaleza,-4.02,-40.98
941,Foshan,23.31,112.72
942,Foz Do Iguaçu,-24.92,-54.98
943,Franca,-20.09,-47.77
944,Francisco Morato,-23.31,-46.31
945,Franco Da Rocha,-23.31,-46.31
946,Frankfurt,50.63,8.87
947,Freetown,8.84,-13.78
948,Freiburg,47.42,8.29
949,Fremont,37.78,-122.03
950,Fresnillo,23.31,-102.23
951,Fresno,36.17,-119.34
952,Fuchu,36.17,139.23
953,Fuenlabrada,40.99,-4.26
954,Fuji,34.56,138.16
955,Fujieda,34.56,138.16
956,Fujimi,36.17,139.23
957,Fujinomiya,34.56,138.16
958,Fujisawa,36.17,139.23
959,Fukaya,36.17,139.23
960,Fukuyama,34.56,134.27
961,Fuling,29.74,107.08
962,Fullerton,32.95,-117.77
963,Funabashi,36.17,139.23
964,Funtua,12.05,6.58
965,Fushun,40.99,123.55
966,Fuxin,42.59,122.18
967,Fuyang,32.95,115.85
968,Fuyu,45.81,125.77
969,Fuzhou,26.52,120.0
970,Gómez Palacio,24.92,-102.86
971,Göteborg,58.66,12.31
972,Göttingen,52.24,10.51
973,Gaborone,-24.92,26.6
974,Gadag,15.27,75.83
975,Gagnoa,5.63,-6.46
976,Gainesville,29.74,-83.08
977,Galati,45.81,28.85
978,Gandajika,-7.23,23.51
979,Gandhidham,23.31,70.78
980,Gandhinagar,23.31,72.52
981,Ganganagar,29.74,73.85
982,Gangapur,26.52,77.01
983,Gangawati,15.27,75.83
984,Ganzhou,26.52,114.63
985,Gaomi,36.17,119.34
986,Gaozhou,21.7,111.63
987,Garanhuns,-8.84,-36.49
988,Garden Grove,32.95,-117.77
989,Gardez,32.95,69.89
990,Garland,32.95,-96.7
991,Garoua,8.84,13.78
992,Garut,-7.23,107.84
993,Garza García,26.52,-100.3
994,Gashua,13.66,10.73
995,Gaya,24.92,85.12
996,Gaziantep,37.78,36.61
997,Gazipur,23.31,90.0
998,Gazni,32.95,67.98
999,Gboko,7.23,8.92
1000,Gbongan,7.23,4.05
1001,Gdansk,53.84,17.73
1002,Gdynia,53.84,17.73
1003,Gebze,40.99,29.82
1004,Geelong,-37.78,144.41
1005,Gejiu,23.31,103.98
1006,Gelsenkirchen,52.24,7.88
1007,Gemena,4.02,20.09
1008,General Escobedo,26.52,-100.3
1009,Geneva,45.81,5.77
1010,Genoa,44.2,8.94
1011,Gent,50.63,3.8
1012,George,-34.56,23.35
1013,Georgetown,7.23,-57.57
1014,Gera,50.63,11.41
1015,Getafe,40.99,-4.26
1016,Ghaziabad,28.13,77.27
1017,Ghazipur,24.92,83.35
1018,Gijón,44.2,-6.71
1019,Gilbert,32.95,-112.02
1020,Gillingham,50.63,1.27
1021,Girón,7.23,-73.78
1022,Girardot,4.02,-74.73
1023,Giugliano In Campania,40.99,14.91
1024,Gizeh,29.74,31.38
1025,Glasgow,55.45,-2.83
1026,Glazov,58.66,52.31
1027,Glendale,32.95,-112.02
1028,Gliwice,50.63,19.01
1029,Gloucester,52.24,-2.63
1030,Godhra,23.31,74.27
1031,Goiânia,-16.87,-48.56
1032,Gojra,31.35,73.51
1033,Gold Coast,-28.13,153.64
1034,Goma,-2.41,29.73
1035,Gombe,10.45,10.64
1036,Gomel,52.24,31.53
1037,Gonbad E Qabus,37.78,54.92
1038,Gonda,26.52,82.39
1039,Gondal,21.7,70.1
1040,Gondar,12.05,37.81
1041,Gongzhuling,44.2,125.22
1042,Gorakhpur,26.52,84.18
1043,Gorgan,36.17,53.7
1044,Gorontalo,0.8,122.95
1045,Gorzow Wielkopolski,52.24,15.77
1046,Governador Valadares,-18.48,-42.25
1047,Granada,37.78,-4.07
1048,Grand Prairie,32.95,-96.7
1049,Grand Rapids,42.59,-85.09
1050,Gravataí,-29.74,-51.69
1051,Graz,47.42,15.39
1052,Green Bay,44.2,-87.2
1053,Greensboro,36.17,-79.56
1054,Grenoble,45.81,5.77
1055,Grogol,-7.23,111.08
1056,Groningen,53.84,6.82
1057,Guaíba,-29.74,-51.69
1058,Guacara,10.45,-67.91
1059,Guadalajara,20.09,-104.08
1060,Guadalupe,26.52,-100.3
1061,Guanare,8.84,-70.54
1062,Guangshui,31.35,113.09
1063,Guangyuan,32.95,106.28
1064,Guangzhou,23.31,112.72
1065,Guantánamo,20.09,-75.07
1066,Guarapari,-20.09,-40.95
1067,Guarapuava,-24.92,-51.43
1068,Guaratinguetá,-23.31,-44.56
1069,Guarenas,10.45,-66.27
1070,Guarujá,-23.31,-46.31
1071,Guarulhos,-23.31,-46.31
1072,Guatemala,15.27,-90.83
1073,Guatemala City,15.27,-90.83
1074,Guatire,10.45,-66.27
1075,Guayaquil,-2.41,-79.55
1076,Guaymas,28.13,-110.0
1077,Gudalur,12.05,80.55
1078,Gudivada,16.87,80.37
1079,Guelph,44.2,-80.5
1080,Guilin,24.92,109.95
1081,Guiyang,26.52,107.46
1082,Gujranwala,32.95,73.72
1083,Gujrat,32.95,73.72
1084,Gulbarga,16.87,77.02
1085,Gulu,2.41,32.95
1086,Guna,24.92,78.03
1087,Guntakal,15.27,77.5
1088,Guntur,16.87,80.37
1089,Gurgaon,28.13,77.27
1090,Gusau,12.05,6.58
1091,Guwahati,26.52,91.34
1092,Gwalior,26.52,78.81
1093,Gweru,-20.09,29.0
1094,Gyor,47.42,17.76
1095,Gyumri,40.99,44.73
1096,Hòa Bình,20.09,105.78
1097,Ha Noi,21.7,106.44
1098,Haarlem,52.24,5.26
1099,Haarlemmermeer,52.24,5.26
1100,Habikino,34.56,136.22
1101,Habra,23.31,88.25
1102,Hachinohe,40.99,140.59
1103,Hachioji,36.17,139.23
1104,Hadano,36.17,139.23
1105,Hadejia,12.05,9.86
1106,Hafizabad,31.35,73.51
1107,Hagen,52.24,7.88
1108,Hagonoy,15.27,120.83
1109,Hai Phong,21.7,106.44
1110,Haibowan,39.38,106.13
1111,Haicheng,23.31,114.47
1112,Haifa,32.95,35.43
1113,Haikou,20.09,110.9
1114,Hailar,49.03,120.0
1115,Hailun,47.42,126.71
1116,Haimen,23.31,116.21
1117,Hajipur,24.92,85.12
1118,Hakodate,40.99,140.59
1119,Haldia,21.7,87.4
1120,Haldwani,29.74,79.38
1121,Halifax,44.2,-62.61
1122,Halisahar,23.31,88.25
1123,Halle,50.63,11.41
1124,Hamadan,34.56,48.65
1125,Hamamatsu,34.56,138.16
1126,Hamburg,53.84,9.55
1127,Hami,42.59,93.82
1128,Hamilton,42.59,-80.73
1129,Hamm,52.24,7.88
1130,Hampton,36.17,-75.58
1131,Handa,34.56,136.22
1132,Handan,36.17,115.36
1133,Hangu,39.38,118.61
1134,Hangzhou,29.74,120.0
1135,Hanoi,21.7,106.44
1136,Hanover,52.24,10.51
1137,Hanumangarh,29.74,73.85
1138,Hanzhong,32.95,106.28
1139,Haora,23.31,88.25
1140,Hapur,28.13,77.27
1141,Harare,-18.48,30.42
1142,Harbin,45.81,125.77
1143,Hardoi,26.52,80.6
1144,Hargeysa,8.84,44.59
1145,Haridwar,29.74,77.54
1146,Hartford,40.99,-72.43
1147,Hassan,13.66,76.79
1148,Hat Yai,7.23,99.73
1149,Hathras,28.13,77.27
1150,Hayward,37.78,-122.03
1151,Hazaribag,23.31,84.76
1152,Hebi,36.17,113.37
1153,Hefei,31.35,116.86
1154,Hegang,47.42,131.45
1155,Heidelberg,49.03,9.8
1156,Heihe,50.63,128.03
1157,Heilbronn,49.03,9.8
1158,Helsinki,60.27,25.95
1159,Henderson,36.17,-115.36
1160,Hengshan,45.81,130.38
1161,Hengshui,37.78,115.93
1162,Hengyang,26.52,112.84
1163,Henzada,16.87,95.44
1164,Herat,34.56,62.27
1165,Hermosillo,29.74,-110.77
1166,Herne,52.24,7.88
1167,Heze,34.56,114.81
1168,Hialeah,26.52,-80.6
1169,Higüey,18.48,-69.3
1170,Highlands Ranch,39.38,-104.05
1171,Hikone,34.56,136.22
1172,Hildesheim,52.24,10.51
1173,Himeji,34.56,134.27
1174,Hindupur,13.66,76.79
1175,Hino,36.17,139.23
1176,Hirakata,34.56,136.22
1177,Hiratsuka,36.17,139.23
1178,Hirosaki,40.99,140.59
1179,Hiroshima,34.56,132.32
1180,Hisar,29.74,75.69
1181,Hitachi,36.17,141.22
1182,Ho Chi Minh City,10.45,107.18
1183,Hobart,-42.59,148.36
1184,Hofu,34.56,132.32
1185,Hohhot,40.99,110.77
1186,Holguín,20.09,-76.78
1187,Hollywood,26.52,-80.6
1188,Hong Gai,21.7,106.44
1189,Honggang,45.81,125.77
1190,Honghu,29.74,112.62
1191,Horlivka,49.03,39.18
1192,Hortolândia,-23.31,-48.06
1193,Hoshangabad,23.31,77.77
1194,Hoshiarpur,31.35,75.39
1195,Hospet,15.27,75.83
1196,Hosur,12.05,77.26
1197,Houma,36.17,111.38
1198,Houston,29.74,-96.0
1199,Hrodna,53.84,23.18
1200,Hsichih,24.92,122.36
1201,Hsinchu,24.92,120.59
1202,Hsintien,24.92,122.36
1203,Huánuco,-10.45,-76.09
1204,Huadian,42.59,126.55
1205,Huaibei,34.56,116.76
1206,Huaihua,28.13,110.0
1207,Huainan,32.95,117.77
1208,Huaiyin,32.95,119.68
1209,Huambo,-13.66,15.69
1210,Huancayo,-12.05,-75.62
1211,Huangcun,39.38,116.53
1212,Huangpu,23.31,112.72
1213,Huangyan,28.13,120.91
1214,Huangzhou,29.74,114.46
1215,Hubli,15.27,75.83
1216,Huddersfield,53.84,-1.36
1217,Hue,16.87,107.16
1218,Huelva,37.78,-6.1
1219,Huicheng,23.31,116.21
1220,Huixquilucan,20.09,-98.96
1221,Huizhou,23.31,114.47
1222,Hulan,45.81,125.77
1223,Hulan Ergi,47.42,124.34
1224,Humen,23.31,114.47
1225,Huntington Beach,32.95,-117.77
1226,Huntsville,34.56,-85.62
1227,Huzhou,31.35,120.63
1228,Hyderabad,16.87,78.7
1229,Iasi,47.42,27.24
1230,Ibadan,7.23,4.05
1231,Ibagué,4.02,-74.73
1232,Ibaraki,34.56,136.22
1233,Ibarra,0.8,-77.95
1234,Ibb,13.66,43.76
1235,Ibirité,-20.09,-44.36
1236,Ica,-13.66,-75.14
1237,Ichalkaranji,16.87,73.67
1238,Ichihara,34.56,140.11
1239,Ichikawa,36.17,139.23
1240,Ichinomiya,34.56,136.22
1241,Idlib,36.17,35.8
1242,Ife,7.23,4.05
1243,Igboho,8.84,4.05
1244,Iguala,18.48,-99.72
1245,Iida,36.17,137.24
1246,Ijero,7.23,5.68
1247,Ikare,7.23,5.68
1248,Ikere,7.23,5.68
1249,Ikire,7.23,4.05
1250,Ikirun,7.23,4.05
1251,Ikole,7.23,5.68
1252,Ikoma,34.56,136.22
1253,Ikorodu,7.23,4.05
1254,Ikot Ekpene,5.63,8.07
1255,Ila,7.23,5.68
1256,Ilam,32.95,46.91
1257,Ilawe,7.23,5.68
1258,Ilebo,-4.02,20.09
1259,Ilesha,8.84,4.05
1260,Ilhéus,-15.27,-39.17
1261,Iligan,8.84,124.05
1262,Ilobu,7.23,4.05
1263,Iloilo,10.45,121.91
1264,Ilorin,8.84,4.05
1265,Imabari,34.56,132.32
1266,Imperatriz,-5.63,-46.82
1267,Imphal,24.92,93.99
1268,Inazawa,34.56,136.22
1269,Indaiatuba,-23.31,-48.06
1270,Independence,39.38,-93.64
1271,Indianapolis,39.38,-85.32
1272,Indore,23.31,76.02
1273,Indramayu,-5.63,108.16
1274,Inegol,39.38,29.13
1275,Inglewood,34.56,-118.7
1276,Ingolstadt,49.03,12.24
1277,Ingraj Bazar,24.92,88.67
1278,Inisa,7.23,4.05
1279,Innsbruck,47.42,10.66
1280,Ipatinga,-20.09,-42.65
1281,Ipoh,4.02,100.45
1282,Ipswich,52.24,-0.0
1283,Iquique,-20.09,-69.95
1284,Iquitos,-4.02,-73.13
1285,Iráklion,34.56,25.3
1286,Iranshahr,26.52,60.9
1287,Irapuato,20.09,-100.66
1288,Irbid,32.95,35.43
1289,Irbil,36.17,43.76
1290,Iringa,-7.23,36.49
1291,Irkutsk,52.24,105.11
1292,Iruma,36.17,139.23
1293,Irvine,32.95,-117.77
1294,Irving,32.95,-96.7
1295,Ise,7.23,5.68
1296,Isehara,36.17,139.23
1297,Isesaki,36.17,139.23
1298,Iseyin,7.23,4.05
1299,Ishinomaki,39.38,141.5
1300,Isiro,2.41,28.13
1301,Iskenderun,36.17,35.8
1302,Islamabad,32.95,73.72
1303,Ismailia,31.35,32.04
1304,Isparta,37.78,30.51
1305,Istanbul,40.99,29.82
1306,Itaboraí,-23.31,-42.82
1307,Itabuna,-15.27,-39.17
1308,Itagüí,5.63,-75.87
1309,Itaguaí,-23.31,-44.56
1310,Itajaí,-26.52,-48.36
1311,Itami,34.56,136.22
1312,Itapecerica Da Serra,-23.31,-46.31
1313,Itapetininga,-23.31,-48.06
1314,Itapevi,-23.31,-46.31
1315,Itaquaquecetuba,-23.31,-46.31
1316,Itarsi,23.31,77.77
1317,Itu,-23.31,-48.06
1318,Ivanovo,57.05,39.84
1319,Iwaki,37.78,140.34
1320,Iwakuni,34.56,132.32
1321,Iwatsuki,36.17,139.23
1322,Iwo,7.23,4.05
1323,Ixtapaluca,20.09,-98.96
1324,Izhevsk,57.05,54.59
1325,Izmir,37.78,26.44
1326,Izmit,40.99,29.82
1327,Izumi,34.56,136.22
1328,Jaén,37.78,-4.07
1329,Jaú,-21.7,-49.33
1330,Jabalpur,23.31,79.51
1331,Jaboatão,-8.84,-34.86
1332,Jacareí,-23.31,-46.31
1333,Jackson,32.95,-90.96
1334,Jacksonville,29.74,-81.23
1335,Jacobabad,28.13,68.18
1336,Jaffna,8.84,80.27
1337,Jagadhri,29.74,77.54
1338,Jahrom,28.13,53.64
1339,Jaipur,26.52,75.22
1340,Jakarta,-5.63,106.55
1341,Jalalabad,34.56,70.05
1342,Jalandhar,31.35,75.39
1343,Jalingo,8.84,12.16
1344,Jalna,20.09,75.07
1345,Jalpaiguri,26.52,89.55
1346,Jamalpur,24.92,90.44
1347,Jamame,0.8,42.59
1348,Jambi,-0.8,103.66
1349,Jammu,32.95,75.64
1350,Jamnagar,21.7,70.1
1351,Jamshedpur,23.31,86.5
1352,Jamuria,23.31,86.5
1353,Jandira,-23.31,-46.31
1354,Jaraguá Do Sul,-26.52,-48.36
1355,Jaramana,32.95,35.43
1356,Jaranwala,31.35,73.51
1357,Jaunpur,26.52,82.39
1358,Jember,-8.84,114.32
1359,Jequié,-13.66,-40.46
1360,Jerez,36.17,-5.97
1361,Jersey City,40.99,-74.56
1362,Jerusalem,31.35,35.81
1363,Jetpur,21.7,70.1
1364,Jhang,31.35,71.62
1365,Jhansi,24.92,78.03
1366,Jhelum,32.95,73.72
1367,Jhunjhunun,28.13,75.45
1368,Ji Paraná,-10.45,-61.36
1369,Jiamusi,47.42,131.45
1370,Jian,26.52,114.63
1371,Jiangmen,23.31,112.72
1372,Jiangyin,31.35,120.63
1373,Jiangyou,31.35,105.55
1374,Jiaohe,44.2,127.45
1375,Jiaojiang,28.13,120.91
1376,Jiaozhou,36.17,119.34
1377,Jiaozuo,34.56,112.86
1378,Jiaxing,31.35,120.63
1379,Jiayuguan,39.38,97.8
1380,Jiazi,23.31,116.21
1381,Jibuti,12.05,42.74
1382,Jiddah,21.7,38.94
1383,Jieshi,23.31,116.21
1384,Jieshou,32.95,115.85
1385,Jilin,44.2,127.45
1386,Jimeta,8.84,12.16
1387,Jimma,7.23,36.49
1388,Jinan,36.17,117.35
1389,Jinchang,37.78,101.69
1390,Jinchengjiang,24.92,108.18
1391,Jind,29.74,75.69
1392,Jingdezhen,29.74,116.31
1393,Jinhua,29.74,120.0
1394,Jining,34.56,116.76
1395,Jinxi,40.99,121.42
1396,Jinzhou,40.99,121.42
1397,Jiroft,28.13,57.27
1398,Jishou,28.13,110.0
1399,Jishu,44.2,127.45
1400,Jiujiang,29.74,116.31
1401,Jiupu,40.99,123.55
1402,Jiutai,44.2,125.22
1403,Jiutepec,18.48,-99.72
1404,Jixi,45.81,130.38
1405,João Pessoa,-7.23,-34.86
1406,Jodhpur,26.52,73.43
1407,Joetsu,37.78,138.31
1408,Johannesburg,-26.52,28.66
1409,Johor Bahru,0.8,103.66
1410,Joinville,-26.52,-48.36
1411,Joliet,40.99,-87.34
1412,Jolo,5.63,119.46
1413,Jombang,-7.23,112.7
1414,Jos,10.45,9.0
1415,Juàzeiro,-8.84,-39.73
1416,Juarez,31.35,-105.55
1417,Juazeiro Do Norte,-7.23,-39.73
1418,Juba,4.02,31.34
1419,Juiz De Fora,-21.7,-44.13
1420,Jujuy,-24.92,-65.62
1421,Juliaca,-15.27,-70.83
1422,Junagadh,21.7,70.1
1423,Jundiaí,-23.31,-46.31
1424,Kütahya,39.38,29.13
1425,Kabankalan,10.45,123.55
1426,Kabul,34.56,70.05
1427,Kabwe,-13.66,28.9
1428,Kadoma,34.56,136.22
1429,Kaduna,10.45,7.36
1430,Kahramanmaras,37.78,36.61
1431,Kaifeng,34.56,114.81
1432,Kaili,26.52,107.46
1433,Kaithal,29.74,75.69
1434,Kaiyuan,23.31,103.98
1435,Kakamigahara,36.17,137.24
1436,Kakinada,16.87,82.05
1437,Kakogawa,34.56,134.27
1438,Kalemie,-5.63,29.06
1439,Kaliningrad,55.45,19.84
1440,Kalisz,52.24,18.39
1441,Kallithéa,37.78,24.41
1442,Kalmunai,7.23,81.89
1443,Kalol,23.31,72.52
1444,Kaluga,53.84,36.82
1445,Kalyan,20.09,73.36
1446,Kamagaya,36.17,139.23
1447,Kamakura,34.56,140.11
1448,Kamalia,31.35,73.51
1449,Kamarhati,23.31,88.25
1450,Kamensk Uralskiy,55.45,62.36
1451,Kamoke,31.35,73.51
1452,Kampala,0.8,32.95
1453,Kamyshin,50.63,44.37
1454,Kananga,-5.63,22.6
1455,Kanchipuram,13.66,80.09
1456,Kanchrapara,23.31,88.25
1457,Kandi,10.45,2.45
1458,Kandy,7.23,80.27
1459,Kankan,10.45,-9.0
1460,Kano,12.05,8.22
1461,Kanpur,26.52,80.6
1462,Kansas City,39.38,-93.64
1463,Kansk,55.45,96.38
1464,Kaohsiung,23.31,119.71
1465,Kaolack,13.66,-15.69
1466,Kapra,16.87,78.7
1467,Karachi,24.92,67.39
1468,Karaj,36.17,51.71
1469,Karaman,37.78,32.54
1470,Karamay,45.81,84.23
1471,Karang Tengah,-7.23,106.22
1472,Karawang,-5.63,106.55
1473,Karimnagar,18.48,79.44
1474,Kariya,34.56,136.22
1475,Karlsruhe,49.03,7.35
1476,Karnal,29.74,77.54
1477,Kashan,34.56,50.59
1478,Kashi,39.38,76.99
1479,Kashihara,34.56,136.22
1480,Kashipur,29.74,79.38
1481,Kashiwa,36.17,139.23
1482,Kassala,15.27,35.83
1483,Kassel,50.63,8.87
1484,Kasuga,32.95,131.17
1485,Kasugai,34.56,136.22
1486,Kasukabe,36.17,139.23
1487,Kasur,31.35,73.51
1488,Kathmandu,28.13,84.55
1489,Katihar,24.92,86.9
1490,Katowice,50.63,19.01
1491,Katsina,13.66,7.43
1492,Katumba,-8.84,33.24
1493,Kaunas,55.45,22.68
1494,Kawagoe,36.17,139.23
1495,Kawaguchi,36.17,139.23
1496,Kawanishi,34.56,136.22
1497,Kawasaki,36.17,139.23
1498,Kayseri,39.38,35.38
1499,Kazan,55.45,48.19
1500,Kebumen,-7.23,109.46
1501,Kecskemét,47.42,20.13
1502,Kediri,-7.23,112.7
1503,Kedungwuni,-7.23,109.46
1504,Keelung,24.92,122.36
1505,Kelowna,49.03,-120.0
1506,Kemang,-7.23,106.22
1507,Kemerovo,55.45,85.04
1508,Kendari,-4.02,122.95
1509,Kenitra,34.56,-5.84
1510,Kerch,45.81,35.77
1511,Kerman,29.74,57.23
1512,Kermanshah,34.56,46.7
1513,Khabarovsk,49.03,134.69
1514,Khairpur,28.13,68.18
1515,Khammam,16.87,80.37
1516,Khandwa,21.7,77.02
1517,Khanewal,29.74,72.0
1518,Khanna,31.35,75.39
1519,Khanpur,28.13,70.0
1520,Kharagpur,21.7,87.4
1521,Khardaha,23.31,88.25
1522,Khartoum,15.27,32.5
1523,Kherson,47.42,31.97
1524,Khimki,55.45,36.85
1525,Khlong Luang,13.66,99.91
1526,Khomeynishahr,32.95,50.74
1527,Khon Kaen,16.87,102.14
1528,Khorramabad,32.95,48.83
1529,Khorramshahr,29.74,48.0
1530,Khoy,37.78,44.75
1531,Khujand,40.99,70.3
1532,Khulna,23.31,90.0
1533,Khurja,28.13,77.27
1534,Khushab,32.95,71.81
1535,Khuzdar,28.13,66.36
1536,Kiel,53.84,9.55
1537,Kielce,50.63,21.55
1538,Kiev,50.63,31.69
1539,Kigali,-2.41,29.73
1540,Kigoma,-4.02,29.73
1541,Kikwit,-5.63,19.37
1542,Killeen,31.35,-98.01
1543,Kimberley,-28.13,24.55
1544,Kindia,10.45,-12.27
1545,Kindu,-2.41,26.52
1546,Kingston,44.2,-76.02
1547,Kingston Upon Hull,53.84,-1.36
1548,Kinshasa,-4.02,15.27
1549,Kirkuk,36.17,43.76
1550,Kirov,58.66,49.23
1551,Kirovohrad,49.03,31.84
1552,Kiryu,36.17,139.23
1553,Kisangani,0.8,24.91
1554,Kisaran,2.41,98.84
1555,Kisarazu,34.56,140.11
1556,Kishi,8.84,4.05
1557,Kishiwada,34.56,136.22
1558,Kislovodsk,44.2,42.48
1559,Kismayo,-0.8,42.59
1560,Kisumu,-0.8,34.55
1561,Kitakyushu,34.56,130.38
1562,Kitami,44.2,143.11
1563,Kitchener,44.2,-80.5
1564,Kitwe,-12.05,27.95
1565,Klaipeda,55.45,19.84
1566,Klang,2.41,102.05
1567,Klaten,-7.23,111.08
1568,Klerksdorp,-26.52,26.87
1569,Kluang,2.41,103.66
1570,Knoxville,36.17,-83.54
1571,Kobe,34.56,134.27
1572,Koblenz,50.63,6.34
1573,Kochi,10.45,76.09
1574,Kodaira,36.17,139.23
1575,Koganei,36.17,139.23
1576,Kohat,32.95,71.81
1577,Koidu,8.84,-10.54
1578,Kokubunji,36.17,139.23
1579,Kolar,13.66,78.44
1580,Kolhapur,16.87,73.67
1581,Kollam,8.84,77.03
1582,Kolomna,55.45,39.69
1583,Kolpino,60.27,29.19
1584,Komaki,34.56,136.22
1585,Komatsu,36.17,137.24
1586,Komsomolsk Na Amure,50.63,138.17
1587,Konan,36.17,137.24
1588,Konya,37.78,32.54
1589,Korba,21.7,82.21
1590,Korhogo,8.84,-5.68
1591,Koriyama,37.78,140.34
1592,Korla,40.99,85.21
1593,Koronadal,5.63,124.3
1594,Koshigaya,36.17,139.23
1595,Kosice,49.03,22.04
1596,Kostroma,57.05,39.84
1597,Koszalin,53.84,15.0
1598,Kot Addu,29.74,70.15
1599,Kota,24.92,76.26
1600,Kota Bahru,5.63,101.7
1601,Kota Kinabalu,5.63,116.23
1602,Kotte,7.23,80.27
1603,Kousséri,12.05,14.79
1604,Kovrov,57.05,42.79
1605,Kpalimé,7.23,0.81
1606,Kragujevac,44.2,20.12
1607,Krasnodar,45.81,38.08
1608,Krasnoyarsk,55.45,93.54
1609,Krefeld,50.63,6.34
1610,Kremenchuk,49.03,34.29
1611,Kresek,-5.63,106.55
1612,Krishnanagar,23.31,88.25
1613,Kroonstad,-28.13,26.36
1614,Krugersdorp,-26.52,28.66
1615,Kryvyy Rih,47.42,34.34
1616,Kuala Lumpur,2.41,102.05
1617,Kuala Terengganu,5.63,103.32
1618,Kuantan,4.02,103.66
1619,Kuching,0.8,110.09
1620,Kuhdasht,32.95,46.91
1621,Kuito,-12.05,16.44
1622,Kulim,5.63,100.09
1623,Kulti,23.31,86.5
1624,Kumagaya,36.17,139.23
1625,Kumanovo,42.59,21.82
1626,Kumasi,7.23,-0.81
1627,Kumba,4.02,8.84
1628,Kumbakonam,10.45,79.36
1629,Kunming,24.92,102.86
1630,Kupang,-10.45,123.55
1631,Kurashiki,34.56,134.27
1632,Kure,34.56,132.32
1633,Kurgan,55.45,65.2
1634,Kursk,52.24,36.79
1635,Kurume,32.95,131.17
1636,Kusatsu,34.56,136.22
1637,Kusti,13.66,32.2
1638,Kuwana,34.56,136.22
1639,Kuytun,44.2,84.97
1640,Kwekwe,-18.48,30.42
1641,Kyzyl,52.24,94.6
1642,Lárisa,39.38,22.89
1643,López Mateos,20.09,-98.96
1644,Lübeck,53.84,9.55
1645,La Ceiba,15.27,-87.5
1646,La Paz,-16.87,-68.65
1647,La Plata,-34.56,-58.38
1648,La Rioja,-29.74,-66.46
1649,La Romana,18.48,-69.3
1650,La Serena,-29.74,-72.0
1651,La Vega,18.48,-70.99
1652,Lafayette,29.74,-92.31
1653,Lafia,8.84,8.92
1654,Lafiagi,8.84,5.68
1655,Lages,-28.13,-50.0
1656,Lagos,5.63,3.23
1657,Lahad Datu,5.63,117.85
1658,Lahore,31.35,73.51
1659,Laiwu,36.17,117.35
1660,Laiyang,36.17,121.33
1661,Lakewood,39.38,-104.05
1662,Lakhimpur,28.13,80.91
1663,Lakhnau,26.52,80.6
1664,Lalitpur,24.92,78.03
1665,Lambaré,-24.92,-58.52
1666,Lampang,18.48,99.72
1667,Lancaster,34.56,-118.7
1668,Langfang,39.38,116.53
1669,Lansing,42.59,-85.09
1670,Lanzhou,36.17,103.43
1671,Laoag,18.48,120.0
1672,Laohekou,32.95,112.02
1673,Lapu Lapu,10.45,123.55
1674,Laredo,28.13,-99.09
1675,Larkana,28.13,68.18
1676,Las Palmas,28.13,-15.45
1677,Las Tunas,21.7,-77.02
1678,Las Vegas,36.17,-115.36
1679,Lasa,29.74,90.46
1680,Lashio,23.31,96.99
1681,Latina,40.99,12.78
1682,Latur,18.48,76.06
1683,Lausanne,45.81,5.77
1684,Lawang,-7.23,112.7
1685,León,21.7,-101.25
1686,Le Havre,49.03,-0.0
1687,Le Mans,47.42,1.18
1688,Leeds,53.84,-1.36
1689,Leganés,40.99,-4.26
1690,Legaspi,13.66,123.03
1691,Leghorn,44.2,11.18
1692,Legnica,50.63,16.48
1693,Leicester,52.24,-0.0
1694,Leiden,52.24,5.26
1695,Leipzig,50.63,11.41
1696,Leiyang,26.52,112.84
1697,Lembang,-7.23,107.84
1698,Lemesos,34.56,33.08
1699,Lengshuijiang,28.13,111.82
1700,Leninsk Kuznetskiy,53.84,85.91
1701,Leshan,29.74,103.38
1702,Leuwiliang,-7.23,106.22
1703,Leverkusen,50.63,6.34
1704,Lexington Fayette,37.78,-85.42
1705,Liège,50.63,6.34
1706,Liancheng,21.7,109.9
1707,Lianran,24.92,102.86
1708,Liaocheng,36.17,115.36
1709,Liaoyang,40.99,123.55
1710,Libreville,0.8,8.84
1711,Licheng,23.31,114.47
1712,Lichinga,-13.66,35.5
1713,Likasi,-10.45,27.0
1714,Lille,50.63,3.8
1715,Lilongwe,-13.66,33.85
1716,Lima,-12.05,-77.26
1717,Limeira,-21.7,-47.6
1718,Limoges,45.81,1.15
1719,Linchuan,28.13,115.45
1720,Lincoln,40.99,-95.86
1721,Linfen,36.17,111.38
1722,Linhai,28.13,120.91
1723,Linhares,-20.09,-39.24
1724,Linqing,36.17,115.36
1725,Linshui,36.17,113.37
1726,Linxi,39.38,118.61
1727,Linxia,36.17,103.43
1728,Linz,49.03,14.69
1729,Lipa,13.66,121.38
1730,Lipetsk,52.24,39.42
1731,Lira,2.41,32.95
1732,Lisbon,39.38,-8.32
1733,Little Rock,34.56,-91.46
1734,Liusha,23.31,116.21
1735,Liuzhou,24.92,109.95
1736,Liverpool,53.84,-4.09
1737,Livingstone,-18.48,25.35
1738,Ljubljana,45.81,15.0
1739,Lleida,40.99,-0.0
1740,Loa Janan,-0.8,116.52
1741,Lobito,-12.05,13.15
1742,Logroño,42.59,-2.18
1743,Loja,-4.02,-79.55
1744,London,42.59,-80.73
1745,Londrina,-23.31,-51.55
1746,Long Beach,32.95,-117.77
1747,Long Xuyên,10.45,105.55
1748,Longfeng,45.81,125.77
1749,Longjiang,47.42,124.34
1750,Longjing,42.59,128.73
1751,Longyan,24.92,117.04
1752,Loni,28.13,77.27
1753,Los Angeles,-37.78,-73.22
1754,Los Mochis,26.52,-109.25
1755,Los Reyes,20.09,-98.96
1756,Los Teques,10.45,-66.27
1757,Loudi,28.13,111.82
1758,Louga,15.27,-15.83
1759,Louisville,37.78,-85.42
1760,Loum,5.63,9.69
1761,Lowell,42.59,-72.0
1762,Lower Hutt,-40.99,174.67
1763,Luan,31.35,116.86
1764,Luancheng,37.78,113.9
1765,Luanda,-8.84,13.78
1766,Luanshya,-13.66,28.9
1767,Lubango,-15.27,14.17
1768,Lubbock,32.95,-102.45
1769,Lublin,50.63,21.55
1770,Lubumbashi,-12.05,27.95
1771,Lucena,13.66,121.38
1772,Luchou,24.92,120.59
1773,Ludhiana,31.35,75.39
1774,Ludwigshafen,49.03,7.35
1775,Lumajang,-8.84,112.7
1776,Luohe,32.95,113.94
1777,Luoyang,23.31,114.47
1778,Luqiao,28.13,120.91
1779,Luque,-24.92,-56.75
1780,Lusaka,-15.27,27.5
1781,Luton,52.24,-0.0
1782,Luxor,26.52,32.24
1783,Luzhou,29.74,105.23
1784,Luziânia,-16.87,-48.56
1785,Lvov,50.63,24.08
1786,Lyon,45.81,5.77
1787,Lyubertsy,55.45,36.85
1788,Málaga,36.17,-3.98
1789,Médéa,36.17,1.99
1790,Mérida,21.7,-89.13
1791,Móstoles,40.99,-4.26
1792,Mönchengladbach,50.63,6.34
1793,Mülheim,50.63,6.34
1794,Münster,52.24,7.88
1795,Maanshan,31.35,118.74
1796,Maastricht,50.63,6.34
1797,Maba,24.92,113.5
1798,Mabalacat,15.27,120.83
1799,Macaé,-21.7,-42.4
1800,Macapá,0.8,-50.63
1801,Maceió,-10.45,-35.18
1802,Machala,-4.02,-79.55
1803,Macheng,31.35,114.97
1804,Machida,36.17,139.23
1805,Machilipatnam,15.27,80.83
1806,Madanapalle,13.66,78.44
1807,Madhyamgram,23.31,88.25
1808,Madison,42.59,-89.45
1809,Madiun,-7.23,111.08
1810,Madras,13.66,80.09
1811,Madrid,40.99,-4.26
1812,Madurai,10.45,77.73
1813,Magé,-23.31,-42.82
1814,Magangué,8.84,-75.41
1815,Magdeburg,52.24,10.51
1816,Magelang,-7.23,109.46
1817,Magnitogorsk,53.84,58.64
1818,Mahabad,36.17,45.75
1819,Mahajanga,-15.27,45.83
1820,Mahbubnagar,16.87,78.7
1821,Mahesana,23.31,72.52
1822,Maicao,12.05,-72.33
1823,Maiduguri,12.05,13.15
1824,Mainz,50.63,8.87
1825,Maisuru,12.05,77.26
1826,Majalaya,-7.23,107.84
1827,Makasar,-5.63,119.46
1828,Makati,15.27,120.83
1829,Makhachkala,42.59,48.0
1830,Makiyivka,47.42,39.08
1831,Makurdi,7.23,8.92
1832,Malabo,4.02,8.84
1833,Malakal,8.84,31.62
1834,Malambo,10.45,-74.45
1835,Malang,-7.23,112.7
1836,Malatya,37.78,38.64
1837,Malegaon,20.09,75.07
1838,Maler Kotla,29.74,75.69
1839,Malmö,55.45,14.17
1840,Malolos,15.27,120.83
1841,Man,7.23,-7.3
1842,Manado,0.8,124.55
1843,Managua,12.05,-85.48
1844,Manama,26.52,50.15
1845,Manaus,-2.41,-60.27
1846,Manbij,36.17,37.79
1847,Manchester,53.84,-1.36
1848,Mandalay,21.7,96.06
1849,Mandaue,10.45,123.55
1850,Mandi Bahauddin,32.95,73.72
1851,Mandsaur,24.92,74.48
1852,Mandya,12.05,77.26
1853,Mangaluru,13.66,75.14
1854,Manila,15.27,120.83
1855,Manisa,39.38,27.05
1856,Manizales,5.63,-75.87
1857,Mannheim,49.03,7.35
1858,Manta,-0.8,-81.16
1859,Manzanillo,20.09,-76.78
1860,Manzini,-26.52,32.24
1861,Maoming,21.7,111.63
1862,Maputo,-26.52,32.24
1863,Marília,-21.7,-49.33
1864,Mar Del Plata,-37.78,-56.95
1865,Marabá,-5.63,-48.43
1866,Maracaibo,10.45,-71.18
1867,Maracanaú,-4.02,-39.38
1868,Maracay,10.45,-67.91
1869,Maradi,13.66,7.43
1870,Maragheh,37.78,46.78
1871,Marand,39.38,45.78
1872,Marawi,7.23,124.05
1873,Marbella,36.17,-3.98
1874,Mardan,34.56,72.0
1875,Mariara,10.45,-67.91
1876,Maringá,-23.31,-51.55
1877,Marivan,36.17,45.75
1878,Maroua,10.45,13.91
1879,Marrakesh,31.35,-7.54
1880,Marseille,42.59,6.55
1881,Martapura,-4.02,114.91
1882,Marv Dasht,29.74,53.54
1883,Masaya,12.05,-85.48
1884,Maseru,-29.74,27.69
1885,Mashhad,36.17,59.67
1886,Masjed E Soleyman,31.35,49.01
1887,Matadi,-5.63,12.91
1888,Matamoros,26.52,-96.72
1889,Matanzas,23.31,-81.26
1890,Mataró,40.99,2.13
1891,Mataram,-8.84,115.95
1892,Mathura,28.13,77.27
1893,Matola,-26.52,32.24
1894,Matsubara,34.56,136.22
1895,Matsudo,36.17,139.23
1896,Matsumoto,36.17,137.24
1897,Matsusaka,34.56,136.22
1898,Maturín,10.45,-63.0
1899,Mau,26.52,84.18
1900,Mauá,-23.31,-46.31
1901,Mawlamyine,16.87,97.12
1902,Maxixe,-23.31,35.83
1903,Maykop,44.2,40.25
1904,Maymyo,21.7,96.06
1905,Mazatlán,23.31,-105.73
1906,Mazyr,52.24,28.91
1907,Mbandaka,0.8,18.48
1908,Mbeya,-8.84,33.24
1909,Mbouda,5.63,9.69
1910,Mbour,13.66,-17.34
1911,Mbuji Mayi,-5.63,24.22
1912,Mecca,21.7,40.67
1913,Medan,4.02,98.84
1914,Medellín,5.63,-75.87
1915,Meiktila,20.09,95.55
1916,Meilu,21.7,109.9
1917,Mejicanos,13.66,-90.0
1918,Melaka,2.41,102.05
1919,Melbourne,-37.78,144.41
1920,Memphis,34.56,-89.51
1921,Mendoza,-32.95,-67.98
1922,Mentougou,39.38,116.53
1923,Mercedes,-32.95,-66.06
1924,Mergui,12.05,98.63
1925,Mersin,36.17,33.81
1926,Mesa,32.95,-112.02
1927,Mesquite,32.95,-96.7
1928,Messina,37.78,16.27
1929,Metairie,29.74,-90.46
1930,Metepec,18.48,-99.72
1931,Metro,-5.63,104.93
1932,Metz,49.03,7.35
1933,Mexicali,32.95,-115.85
1934,Mexico,20.09,-98.96
1935,Meycauayan,15.27,120.83
1936,Mezhdurechensk,53.84,88.64
1937,Miami,26.52,-80.6
1938,Miandoab,36.17,45.75
1939,Mianyang,31.35,105.55
1940,Miass,55.45,59.53
1941,Middelburg,-26.52,28.66
1942,Middlesbrough,53.84,-1.36
1943,Midrand,-26.52,28.66
1944,Milagro,-2.41,-79.55
1945,Milan,45.81,8.08
1946,Milwaukee,42.59,-87.27
1947,Minatitlán,18.48,-94.65
1948,Mingaora,34.56,72.0
1949,Mingshui,36.17,117.35
1950,Minna,8.84,7.3
1951,Minneapolis,45.81,-93.46
1952,Minsk,53.84,28.64
1953,Miramar,26.52,-80.6
1954,Miri,4.02,113.3
1955,Mirpur Khas,24.92,69.16
1956,Mirzapur,24.92,83.35
1957,Misato,36.17,139.23
1958,Mishima,34.56,138.16
1959,Miskolc,47.42,20.13
1960,Misratah,32.95,14.36
1961,Mitaka,36.17,139.23
1962,Mixco,15.27,-90.83
1963,Miyakonojo,31.35,131.94
1964,Mobile,31.35,-88.59
1965,Modakeke,7.23,4.05
1966,Modena,44.2,11.18
1967,Modesto,37.78,-120.0
1968,Moers,50.63,6.34
1969,Moga,31.35,75.39
1970,Mogadishu,2.41,45.8
1971,Moji Das Cruzes,-23.31,-46.31
1972,Mojokerto,-7.23,112.7
1973,Mokolo,10.45,13.91
1974,Mombasa,-4.02,39.38
1975,Monclova,26.52,-102.09
1976,Monrovia,7.23,-10.54
1977,Montalban,15.27,120.83
1978,Montería,8.84,-75.41
1979,Monterrey,26.52,-100.3
1980,Montes Claros,-16.87,-43.53
1981,Montevideo,-34.56,-56.43
1982,Montgomery,32.95,-87.13
1983,Montpellier,44.2,4.47
1984,Montreal,45.81,-72.69
1985,Monywa,21.7,94.33
1986,Monza,45.81,10.38
1987,Mopti,15.27,-4.17
1988,Moradabad,28.13,79.09
1989,Moratuwa,7.23,80.27
1990,Morelia,20.09,-100.66
1991,Morena,26.52,78.81
1992,Moreno Valley,34.56,-116.76
1993,Moriguchi,34.56,136.22
1994,Mormugao,15.27,74.17
1995,Morogoro,-7.23,38.11
1996,Morvi,23.31,70.78
1997,Moscow,55.45,36.85
1998,Moshi,-4.02,37.77
1999,Mossoró,-5.63,-37.13
2000,Mostar,42.59,17.45
2001,Motihari,26.52,84.18
2002,Moundou,8.84,15.41
2003,Mubi,10.45,13.91
2004,Mudanjiang,44.2,129.69
2005,Mufulira,-12.05,27.95
2006,Mulhouse,47.42,8.29
2007,Multan,29.74,72.0
2008,Munger,24.92,86.9
2009,Munich,47.42,10.66
2010,Murcia,37.78,-2.03
2011,Muridke,31.35,73.51
2012,Murmansk,68.31,34.7
2013,Murom,55.45,42.52
2014,Murwara,23.31,81.26
2015,Musashino,36.17,139.23
2016,Musoma,-0.8,34.55
2017,Mutare,-18.48,32.11
2018,Muzaffargarh,29.74,72.0
2019,Muzaffarnagar,29.74,77.54
2020,Muzaffarpur,26.52,85.97
2021,Mwanza,-2.41,32.95
2022,Mwene Ditu,-7.23,23.51
2023,My Tho,10.45,105.55
2024,Myingyan,21.7,96.06
2025,Mytishchi,55.45,36.85
2026,Nîmes,44.2,4.47
2027,Nacala,-15.27,40.83
2028,Nadiad,23.31,72.52
2029,Nador,34.56,-3.89
2030,Naga,13.66,123.03
2031,Nagaoka,37.78,138.31
2032,Nagareyama,36.17,139.23
2033,Nagda,23.31,76.02
2034,Nagercoil,8.84,77.03
2035,Nagoya,34.56,136.22
2036,Nagpur,21.7,78.75
2037,Naihati,23.31,88.25
2038,Nairobi,-0.8,36.16
2039,Najran,16.87,43.53
2040,Nakhodka,42.59,133.09
2041,Nakhon Pathom,13.66,99.91
2042,Nakhon Ratchasima,15.27,102.5
2043,Nakhon Si Thammarat,8.84,99.73
2044,Nakuru,-0.8,36.16
2045,Nalchik,42.59,43.64
2046,Nalgonda,16.87,78.7
2047,Nam Dinh,20.09,105.78
2048,Namangan,40.99,72.43
2049,Nampula,-15.27,39.17
2050,Namur,50.63,3.8
2051,Nancha,47.42,129.08
2052,Nanchang,28.13,115.45
2053,Nanchong,31.35,105.55
2054,Nancy,49.03,7.35
2055,Nanded,18.48,77.75
2056,Nandurbar,21.7,73.56
2057,Nandyal,15.27,79.17
2058,Nangloi Jat,28.13,77.27
2059,Nanjing,31.35,118.74
2060,Nanning,23.31,107.48
2061,Nanpiao,40.99,121.42
2062,Nantes,47.42,-1.18
2063,Nantong,31.35,120.63
2064,Nantou,23.31,121.46
2065,Nanyang,32.95,112.02
2066,Naperville,40.99,-87.34
2067,Naples,40.99,14.91
2068,Narashino,36.17,139.23
2069,Narayanganj,23.31,90.0
2070,Narita,36.17,141.22
2071,Narsingdi,23.31,90.0
2072,Nashville,36.17,-87.51
2073,Nassau,24.92,-78.03
2074,Natal,-5.63,-35.52
2075,Naucalpan,20.09,-98.96
2076,Navadwip,23.31,88.25
2077,Navoi,39.38,64.51
2078,Navsari,20.09,73.36
2079,Nawabganj,24.92,88.67
2080,Nawabshah,26.52,68.06
2081,Nazilli,37.78,28.47
2082,Nazran,44.2,44.72
2083,Nazret,8.84,39.73
2084,Ndola,-13.66,28.9
2085,Neftekamsk,55.45,53.86
2086,Nefteyugansk,61.88,73.02
2087,Negombo,7.23,80.27
2088,Nehe,49.03,124.9
2089,Neijiang,29.74,105.23
2090,Neiva,2.41,-74.73
2091,Nelspruit,-24.92,30.15
2092,Netanya,32.95,35.43
2093,Neuquen,-39.38,-68.67
2094,Neuss,50.63,6.34
2095,Nevinnomyssk,44.2,42.48
2096,New Delhi,28.13,77.27
2097,New Haven,40.99,-72.43
2098,New Orleans,29.74,-90.46
2099,New York,40.99,-74.56
2100,Newark,40.99,-74.56
2101,Newcastle,-32.95,152.23
2102,Newcastle Upon Tyne,55.45,-2.83
2103,Newport,52.24,-2.63
2104,Newport News,37.78,-77.29
2105,Neyagawa,34.56,136.22
2106,Neyshabur,36.17,59.67
2107,Neyveli,12.05,78.9
2108,Nezahualcóyotl,20.09,-98.96
2109,Ngaoundéré,7.23,13.78
2110,Nguru,13.66,10.73
2111,Nha Trang,12.05,108.49
2112,Niamey,13.66,2.48
2113,Nice,44.2,6.71
2114,Nicolás Romero,20.09,-98.96
2115,Nigel,-26.52,28.66
2116,Niigata,37.78,138.31
2117,Niihama,34.56,134.27
2118,Niiza,36.17,139.23
2119,Nijmegen,52.24,5.26
2120,Nilópolis,-23.31,-42.82
2121,Ningbo,29.74,121.85
2122,Nis,42.59,21.82
2123,Nishinomiya,34.56,136.22
2124,Nishio,34.56,136.22
2125,Niterói,-23.31,-42.82
2126,Nizamabad,18.48,77.75
2127,Nizhnekamsk,55.45,51.02
2128,Nizhnevartovsk,60.27,77.84
2129,Nizhniy Novgorod,57.05,42.79
2130,Nizhniy Tagil,57.05,60.49
2131,Nkongsamba,5.63,9.69
2132,Nkpor,5.63,6.46
2133,Nnewi,5.63,6.46
2134,Nobeoka,32.95,131.17
2135,Noda,36.17,139.23
2136,Nogales,31.35,-111.2
2137,Noginsk,55.45,39.69
2138,Nonthaburi,13.66,99.91
2139,Norfolk,36.17,-75.58
2140,Norilsk,69.92,88.83
2141,Norman,34.56,-97.3
2142,North Las Vegas,36.17,-115.36
2143,North Shore,-36.17,175.03
2144,Northampton,52.24,-0.0
2145,Norwalk,34.56,-118.7
2146,Norwich,52.24,-0.0
2147,Nossa Senhora Do Socorro,-10.45,-36.82
2148,Nottingham,53.84,-1.36
2149,Nouakchott,18.48,-15.21
2150,Nova Friburgo,-21.7,-42.4
2151,Nova Iguaçu,-23.31,-42.82
2152,Novara,45.81,8.08
2153,Novi Sad,45.81,19.62
2154,Novo Hamburgo,-29.74,-51.69
2155,Novocheboksarsk,55.45,48.19
2156,Novocherkassk,47.42,39.08
2157,Novokuznetsk,53.84,85.91
2158,Novomoskovsk,53.84,39.55
2159,Novorossiysk,44.2,38.01
2160,Novosibirsk,55.45,82.2
2161,Novotroitsk,50.63,59.58
2162,Nsukka,7.23,7.3
2163,Nueva San Salvador,13.66,-90.0
2164,Nuevo Laredo,28.13,-99.09
2165,Nukus,42.59,58.91
2166,Numazu,34.56,138.16
2167,Nuremberg,49.03,12.24
2168,Nyíregyháza,47.42,22.5
2169,Nzérékoré,7.23,-8.92
2170,Oakland,37.78,-122.03
2171,Oaxaca,16.87,-97.12
2172,Oberhausen,50.63,6.34
2173,Obihiro,42.59,144.0
2174,Obninsk,55.45,36.85
2175,Obosi,5.63,6.46
2176,Obregon,28.13,-110.0
2177,Obuasi,5.63,-1.61
2178,Oceanside,32.95,-117.77
2179,Ocumare Del Tuy,10.45,-66.27
2180,Odawara,36.17,139.23
2181,Odense,55.45,11.34
2182,Odesa,45.81,31.15
2183,Odintsovo,55.45,36.85
2184,Offa,8.84,4.05
2185,Offenbach,50.63,8.87
2186,Ogaki,34.56,136.22
2187,Ogbomosho,8.84,4.05
2188,Okara,31.35,73.51
2189,Okazaki,34.56,136.22
2190,Oklahoma City,36.17,-97.46
2191,Okrika,4.02,7.23
2192,Oktyabrskiy,53.84,53.18
2193,Olathe,39.38,-95.72
2194,Oldenburg,52.24,7.88
2195,Oldham,53.84,-1.36
2196,Olinda,-7.23,-34.86
2197,Olomouc,49.03,17.14
2198,Olongapo,15.27,120.83
2199,Olsztyn,53.84,20.45
2200,Omaha,40.99,-95.86
2201,Ome,36.17,139.23
2202,Omsk,55.45,73.7
2203,Omuta,32.95,131.17
2204,Ondo,7.23,4.05
2205,Ongole,15.27,80.83
2206,Onitsha,5.63,6.46
2207,Ontario,34.56,-116.76
2208,Opobo,4.02,7.23
2209,Opole,50.63,19.01
2210,Orël,52.24,36.79
2211,Oradea,47.42,22.5
2212,Orai,26.52,78.81
2213,Orange,32.95,-117.77
2214,Ordu,40.99,38.34
2215,Orekhovo Zuevo,55.45,39.69
2216,Orizaba,18.48,-96.34
2217,Orkney,-26.52,26.87
2218,Orléans,47.42,1.18
2219,Orlando,28.13,-80.91
2220,Oron,5.63,8.07
2221,Orsha,53.84,31.36
2222,Orsk,50.63,59.58
2223,Orumiyeh,37.78,44.75
2224,Oruro,-18.48,-67.61
2225,Osasco,-23.31,-46.31
2226,Oshawa,44.2,-78.26
2227,Oshogbo,7.23,4.05
2228,Oslo,60.27,9.73
2229,Osmaniye,37.78,36.61
2230,Osnabrück,52.24,7.88
2231,Osorno,-40.99,-72.43
2232,Ostrava,50.63,19.01
2233,Ota,36.17,139.23
2234,Otaru,42.59,141.82
2235,Ottawa,45.81,-75.0
2236,Otukpo,7.23,8.92
2237,Ouagadougou,12.05,-1.64
2238,Oulu,65.09,24.89
2239,Overland Park,39.38,-93.64
2240,Oviedo,42.59,-6.55
2241,Owerri,5.63,6.46
2242,Owo,7.23,5.68
2243,Oxford,52.24,-0.0
2244,Oxnard,34.56,-118.7
2245,Oyama,36.17,139.23
2246,Oyo,7.23,4.05
2247,Pátrai,37.78,22.37
2248,Pécs,45.81,17.31
2249,Pétionville,18.48,-72.68
2250,Pôrto Seguro,-16.87,-38.51
2251,Pôrto Velho,-8.84,-64.05
2252,Paarl,-34.56,19.46
2253,Pabna,23.31,90.0
2254,Pacet,-7.23,107.84
2255,Pachuca,20.09,-98.96
2256,Padalarang,-7.23,107.84
2257,Padang,-0.8,100.45
2258,Paderborn,52.24,7.88
2259,Padova,45.81,12.69
2260,Pagadian,7.23,124.05
2261,Pak Kret,13.66,99.91
2262,Pakokku,21.7,94.33
2263,Pakpattan,29.74,73.85
2264,Palakkad,10.45,76.09
2265,Palanpur,24.92,72.71
2266,Palembang,-2.41,105.27
2267,Palermo,37.78,14.24
2268,Palhoça,-28.13,-48.18
2269,Pali,26.52,73.43
2270,Pallavaram,13.66,80.09
2271,Palma,39.38,2.08
2272,Palma Soriano,20.09,-76.78
2273,Palmas,-10.45,-48.27
2274,Palmdale,34.56,-118.7
2275,Palmira,4.02,-76.34
2276,Palo Negro,10.45,-67.91
2277,Palu,-0.8,119.73
2278,Palwal,28.13,77.27
2279,Pamanukan,-5.63,108.16
2280,Pamplona,42.59,-2.18
2281,Pamulang,-5.63,106.55
2282,Panamá,8.84,-80.27
2283,Panchiao,24.92,122.36
2284,Panevezys,55.45,25.51
2285,Pangkah,-7.23,109.46
2286,Panihati,23.31,88.25
2287,Panipat,29.74,77.54
2288,Panvel,18.48,72.68
2289,Panzhihua,26.52,102.09
2290,Paradise,36.17,-115.36
2291,Parakou,8.84,2.43
2292,Paramaribo,5.63,-54.89
2293,Parana,-31.35,-60.31
2294,Paranaguá,-24.92,-47.88
2295,Parbhani,20.09,76.78
2296,Paris,49.03,2.45
2297,Parma,44.2,11.18
2298,Parnaíba,-2.41,-40.98
2299,Parnamirim,-5.63,-35.52
2300,Parsabad,39.38,47.86
2301,Parung,-5.63,106.55
2302,Pasadena,29.74,-96.0
2303,Pasarkemis,-5.63,106.55
2304,Paseh,-7.23,107.84
2305,Pasir Gudang,0.8,103.66
2306,Passo Fundo,-28.13,-51.82
2307,Pasto,0.8,-77.95
2308,Pasuruan,-7.23,112.7
2309,Patan,23.31,72.52
2310,Pate,24.92,120.59
2311,Paterson,40.99,-74.56
2312,Pathankot,32.95,75.64
2313,Pathein,16.87,95.44
2314,Pati,-7.23,111.08
2315,Patiala,29.74,75.69
2316,Patna,24.92,85.12
2317,Patos De Minas,-18.48,-47.32
2318,Paulista,-7.23,-34.86
2319,Pavlodar,52.24,76.2
2320,Pavlohrad,49.03,36.73
2321,Payakumbuh,-0.8,100.45
2322,Pekalongan,-7.23,109.46
2323,Peking,39.38,116.53
2324,Pelotas,-31.35,-52.77
2325,Pemalang,-7.23,109.46
2326,Pemba,-13.66,40.46
2327,Pembroke Pines,26.52,-80.6
2328,Penza,53.84,45.0
2329,Peoria,32.95,-112.02
2330,Perbaungan,4.02,98.84
2331,Pereira,5.63,-75.87
2332,Peristérion,37.78,24.41
2333,Perm,58.66,55.38
2334,Perpignan,42.59,2.18
2335,Perth,-31.35,114.97
2336,Perugia,42.59,13.09
2337,Pervouralsk,57.05,60.49
2338,Pescara,42.59,15.27
2339,Peshawar,34.56,72.0
2340,Petaling Jaya,2.41,102.05
2341,Petapa,15.27,-90.83
2342,Petare,10.45,-66.27
2343,Peterborough,52.24,-0.0
2344,Petrópolis,-23.31,-42.82
2345,Petrolina,-8.84,-39.73
2346,Petropavl,55.45,68.03
2347,Petropavlovsk Kamchatskiy,53.84,159.55
2348,Petrozavodsk,61.88,35.66
2349,Pforzheim,49.03,9.8
2350,Phagwara,31.35,75.39
2351,Phalaborwa,-23.31,30.58
2352,Phan Thiet,10.45,107.18
2353,Philadelphia,39.38,-74.91
2354,Phitsanulok,16.87,100.47
2355,Phnum Pénh,12.05,105.21
2356,Phoenix,32.95,-112.02
2357,Phra Pradaeng,13.66,99.91
2358,Piatra Neamt,47.42,27.24
2359,Piedras Negras,28.13,-100.91
2360,Pietermaritzburg,-29.74,29.54
2361,Pietersburg,-23.31,28.83
2362,Pilibhit,28.13,79.09
2363,Pimpri,18.48,74.37
2364,Pinar Del Río,21.7,-83.94
2365,Pindamonhangaba,-23.31,-46.31
2366,Pindiga,10.45,10.64
2367,Pingchen,24.92,120.59
2368,Pingdingshan,34.56,112.86
2369,Pingliang,36.17,107.4
2370,Pingshan,23.31,114.47
2371,Pingtung,23.31,119.71
2372,Pingxiang,28.13,113.64
2373,Pinsk,52.24,26.28
2374,Piracicaba,-23.31,-48.06
2375,Pitesti,44.2,24.6
2376,Pittsburgh,40.99,-80.95
2377,Piura,-5.63,-80.72
2378,Plây Cu,13.66,108.17
2379,Plano,32.95,-96.7
2380,Pleven,44.2,24.6
2381,Plock,52.24,18.39
2382,Ploiesti,45.81,26.54
2383,Plovdiv,42.59,24.0
2384,Plumbon,-7.23,107.84
2385,Plymouth,50.63,-3.8
2386,Plzen,50.63,13.94
2387,Poá,-23.31,-46.31
2388,Poços De Caldas,-21.7,-45.87
2389,Podgorica,42.59,19.64
2390,Podolsk,55.45,36.85
2391,Pokhara,28.13,84.55
2392,Poltava,49.03,34.29
2393,Pomona,34.56,-118.7
2394,Ponce,18.48,-65.92
2395,Pondicherry,12.05,80.55
2396,Ponnani,10.45,76.09
2397,Ponta Grossa,-24.92,-49.66
2398,Pontianak,-0.8,110.09
2399,Poole,50.63,-1.27
2400,Porbandar,21.7,70.1
2401,Port Au Prince,18.48,-72.68
2402,Port Blair,12.05,92.05
2403,Port Elizabeth,-34.56,25.3
2404,Port Gentil,-0.8,8.84
2405,Port Harcourt,4.02,7.23
2406,Port Louis,-20.09,58.01
2407,Port Moresby,-8.84,146.76
2408,Port Said,31.35,32.04
2409,Port Saint Lucie,26.52,-80.6
2410,Portland,45.81,-123.46
2411,Portmore,18.48,-76.06
2412,Porto,40.99,-8.52
2413,Porto Alegre,-29.74,-51.69
2414,Portoviejo,-0.8,-81.16
2415,Portsmouth,50.63,-1.27
2416,Posadas,-28.13,-55.45
2417,Potchefstroom,-26.52,26.87
2418,Potgietersrus,-23.31,28.83
2419,Potosí,-20.09,-66.54
2420,Potsdam,52.24,13.14
2421,Pouso Alegre,-21.7,-45.87
2422,Poznan,52.24,15.77
2423,Prabumulih,-4.02,103.66
2424,Prague,50.63,13.94
2425,Praia Grande,-23.31,-46.31
2426,Prato,44.2,11.18
2427,Presidente Prudente,-21.7,-51.06
2428,Preston,53.84,-1.36
2429,Pretoria,-24.92,28.37
2430,Pringsewu,-5.63,104.93
2431,Pristina,42.59,21.82
2432,Prizren,42.59,21.82
2433,Probolinggo,-7.23,112.7
2434,Proddatur,15.27,79.17
2435,Prokopyevsk,53.84,85.91
2436,Providence,42.59,-72.0
2437,Provo,39.38,-112.37
2438,Pskov,57.05,28.03
2439,Pucallpa,-8.84,-73.78
2440,Pudukkottai,10.45,79.36
2441,Puebla,18.48,-98.03
2442,Pueblo,37.78,-103.73
2443,Puerto Cabello,10.45,-67.91
2444,Puerto Montt,-40.99,-72.43
2445,Puerto Plata,20.09,-69.95
2446,Puerto Princesa,10.45,118.64
2447,Puerto Vallarta,20.09,-105.78
2448,Pulandian,39.38,122.77
2449,Pune,18.48,74.37
2450,Puno,-15.27,-70.83
2451,Punta Arenas,-52.24,-70.95
2452,Punto Fijo,12.05,-70.68
2453,Puqi,29.74,114.46
2454,Puri,20.09,85.31
2455,Purnia,26.52,87.76
2456,Puruliya,23.31,86.5
2457,Purwakarta,-7.23,107.84
2458,Purwodadi,-7.23,111.08
2459,Purwokerto,-7.23,109.46
2460,Purworejo,-7.23,112.7
2461,Puyang,36.17,115.36
2462,Pyatigorsk,44.2,42.48
2463,Pyay,18.48,94.65
2464,Qabis,34.56,9.73
2465,Qalyub,29.74,31.38
2466,Qandahar,31.35,65.97
2467,Qarchak,36.17,51.71
2468,Qazvin,36.17,49.72
2469,Qena,26.52,32.24
2470,Qianguo,45.81,125.77
2471,Qianjiang,29.74,112.62
2472,Qingdao,36.17,121.33
2473,Qingyuan,23.31,112.72
2474,Qinhuangdao,39.38,118.61
2475,Qinzhou,21.7,108.17
2476,Qiqihar,47.42,124.34
2477,Qitaihe,45.81,130.38
2478,Qom,34.56,50.59
2479,Qostanay,53.84,64.09
2480,Quanzhou,24.92,118.82
2481,Quchan,37.78,58.98
2482,Quebec,47.42,-72.24
2483,Queenstown,-31.35,26.39
2484,Queimados,-23.31,-42.82
2485,Quelimane,-18.48,37.18
2486,Queluz,39.38,-8.32
2487,Querétaro,20.09,-100.66
2488,Quetta,29.74,66.46
2489,Quetzaltenango,15.27,-90.83
2490,Quevedo,-0.8,-79.55
2491,Qui Nhon,13.66,109.82
2492,Quilpue,-32.95,-71.81
2493,Quito,-0.8,-77.95
2494,Qujing,24.92,104.63
2495,Qunduz,36.17,69.61
2496,Rabak,13.66,32.2
2497,Rabat,34.56,-5.84
2498,Rach Gia,10.45,105.55
2499,Radom,50.63,21.55
2500,Rae Bareli,26.52,80.6
2501,Rafsanjan,29.74,55.38
2502,Raichur,16.87,77.02
2503,Raiganj,24.92,88.67
2504,Raigarh,21.7,83.94
2505,Raipur,21.7,82.21
2506,Rajamahendri,16.87,82.05
2507,Rajapalaiyam,8.84,77.03
2508,Rajkot,21.7,70.1
2509,Rajpur,23.31,88.25
2510,Rajshahi,24.92,88.67
2511,Raleigh,36.17,-79.56
2512,Ramat Gan,32.95,35.43
2513,Ramnicu Valcea,45.81,24.23
2514,Rampur,28.13,79.09
2515,Rancaekek,-7.23,107.84
2516,Rancagua,-34.56,-70.05
2517,Ranchi,23.31,84.76
2518,Rancho Cucamonga,34.56,-116.76
2519,Randfontein,-26.52,26.87
2520,Ranghulu,47.42,124.34
2521,Rangkasbitung,-5.63,106.55
2522,Rangoon,16.87,95.44
2523,Rangpur,26.52,89.55
2524,Raniganj,23.31,86.5
2525,Rantauprapat,2.41,100.45
2526,Rasht,37.78,48.81
2527,Ratisbon,49.03,12.24
2528,Ratlam,23.31,74.27
2529,Raurkela,21.7,85.67
2530,Ravenna,44.2,11.18
2531,Rawalpindi,32.95,73.72
2532,Rawang,4.02,102.05
2533,Rayong,12.05,101.92
2534,Reading,50.63,-1.27
2535,Recife,-8.84,-34.86
2536,Recklinghausen,52.24,7.88
2537,Reggio Di Calabria,37.78,16.27
2538,Regina,50.63,-105.21
2539,Reims,49.03,4.9
2540,Remscheid,50.63,6.34
2541,Rengasdengklok,-5.63,106.55
2542,Rennes,47.42,-1.18
2543,Reno,39.38,-120.69
2544,Resende,-21.7,-44.13
2545,Resistencia,-28.13,-59.09
2546,Reutlingen,49.03,9.8
2547,Rewa,24.92,81.58
2548,Rewari,28.13,77.27
2549,Reykjavík,65.09,-21.06
2550,Reynosa,26.52,-98.51
2551,Rialto,34.56,-116.76
2552,Ribeirão Das Neves,-20.09,-44.36
2553,Ribeirão Pires,-23.31,-46.31
2554,Ribeirão Prêto,-21.7,-47.6
2555,Richards Bay,-28.13,31.82
2556,Richardson,32.95,-96.7
2557,Richmond,37.78,-122.03
2558,Riga,57.05,25.08
2559,Rijeka,45.81,15.0
2560,Rimini,44.2,13.42
2561,Rio Branco,-10.45,-67.91
2562,Rio Claro,-21.7,-47.6
2563,Rio Cuarto,-32.95,-64.15
2564,Rio De Janeiro,-23.31,-42.82
2565,Rio Grande,-31.35,-52.77
2566,Riobamba,-2.41,-77.95
2567,Rishra,23.31,88.25
2568,Riverside,34.56,-116.76
2569,Rivne,50.63,26.62
2570,Riyadh,24.92,46.11
2571,Rizhao,36.17,119.34
2572,Robertsonpet,13.66,78.44
2573,Rochester,42.59,-78.55
2574,Rockford,42.59,-89.45
2575,Rohtak,28.13,77.27
2576,Rome,42.59,13.09
2577,Rondonópolis,-16.87,-55.26
2578,Rongcheng,23.31,116.21
2579,Rosario,-32.95,-60.32
2580,Roseville,39.38,-120.69
2581,Rostock,53.84,12.27
2582,Rostov Na Donu,47.42,39.08
2583,Rotherham,53.84,-1.36
2584,Rotterdam,52.24,5.26
2585,Rouen,49.03,-0.0
2586,Roxas,12.05,123.29
2587,Rubtsovsk,52.24,81.46
2588,Ruda Slaska,50.63,19.01
2589,Ruian,28.13,120.91
2590,Ruiru,-0.8,37.77
2591,Ruse,44.2,26.83
2592,Rustenburg,-26.52,26.87
2593,Ryazan,53.84,39.55
2594,Rybinsk,58.66,40.0
2595,Rybnik,50.63,19.01
2596,Rzeszow,50.63,21.55
2597,São Bernardo Do Campo,-23.31,-46.31
2598,São Caetano Do Sul,-23.31,-46.31
2599,São Carlos,-21.7,-47.6
2600,São Gonçalo,-23.31,-42.82
2601,São João De Meriti,-23.31,-42.82
2602,São José,-28.13,-48.18
2603,São José Do Rio Prêto,-20.09,-49.48
2604,São José Dos Campos,-23.31,-46.31
2605,São José Dos Pinhais,-24.92,-49.66
2606,São Leopoldo,-29.74,-51.69
2607,São Luís,-2.41,-44.2
2608,São Paulo,-23.31,-46.31
2609,São Vicente,-23.31,-46.31
2610,Saarbrücken,49.03,7.35
2611,Sabadell,40.99,2.13
2612,Sabará,-20.09,-44.36
2613,Sabha,26.52,14.33
2614,Sabratah,32.95,12.45
2615,Sabzevar,36.17,57.68
2616,Sacramento,37.78,-122.03
2617,Sadiqabad,28.13,70.0
2618,Safaqis,34.56,11.68
2619,Saga,32.95,131.17
2620,Sagamihara,36.17,139.23
2621,Sagar,23.31,79.51
2622,Saharanpur,29.74,77.54
2623,Saharsa,26.52,85.97
2624,Sahiwal,31.35,73.51
2625,Saint Étienne,45.81,3.46
2626,Saint Denis,-21.7,56.25
2627,Saint Helens,53.84,-4.09
2628,Saint Louis,16.87,-16.74
2629,Saint Paul,45.81,-93.46
2630,Saint Petersburg,60.27,29.19
2631,Saitama,36.17,139.23
2632,Sakai,34.56,136.22
2633,Sakata,39.38,139.42
2634,Sakura,36.17,141.22
2635,Salalah,16.87,53.58
2636,Salamanca,20.09,-100.66
2637,Salatiga,-7.23,111.08
2638,Salavat,53.84,55.91
2639,Salem,44.2,-122.98
2640,Salerno,40.99,14.91
2641,Salihorsk,52.24,26.28
2642,Salinas,36.17,-121.33
2643,Salt Lake City,40.99,-112.9
2644,Salta,-24.92,-65.62
2645,Saltillo,24.92,-101.08
2646,Salto,-31.35,-58.43
2647,Salvador,-13.66,-38.81
2648,Salzburg,47.42,13.03
2649,Salzgitter,52.24,10.51
2650,Samara,53.84,50.45
2651,Samarinda,-0.8,116.52
2652,Samarkand,39.38,66.59
2653,Sambalpur,21.7,83.94
2654,Sambhal,28.13,79.09
2655,Samsun,40.99,36.21
2656,Samut Prakan,13.66,99.91
2657,San Antonio,29.74,-97.85
2658,San Bernardino,34.56,-116.76
2659,San Bernardo,-32.95,-69.89
2660,San Carlos De Bariloche,-40.99,-70.3
2661,San Cristóbal,18.48,-69.3
2662,San Diego,32.95,-117.77
2663,San Fernando,15.27,120.83
2664,San Francisco,37.78,-122.03
2665,San Francisco De Macorís,20.09,-69.95
2666,San José,10.45,-84.27
2667,San Jose,37.78,-122.03
2668,San Juan,-31.35,-67.85
2669,San Juan Del Río,20.09,-100.66
2670,San Juan Sacatepéquez,15.27,-90.83
2671,San Lorenzo,-24.92,-56.75
2672,San Luis,-32.95,-66.06
2673,San Luis Potosí,21.7,-101.25
2674,San Luis Río Colorado,32.95,-113.94
2675,San Martin,-32.95,-67.98
2676,San Mateo,15.27,120.83
2677,San Miguelito,8.84,-80.27
2678,San Nicolás De Los Garza,26.52,-100.3
2679,San Nicolas,-32.95,-60.32
2680,San Pédro,5.63,-6.46
2681,San Pablo,13.66,121.38
2682,San Pablo De Las Salinas,20.09,-98.96
2683,San Pedro,13.66,121.38
2684,San Pedro De Macorís,18.48,-69.3
2685,San Pedro Sula,15.27,-87.5
2686,San Rafael,-34.56,-68.11
2687,San Salvador,13.66,-90.0
2688,Sanandaj,34.56,46.7
2689,Sanbu,21.7,113.37
2690,Sanchung,24.92,120.59
2691,Sancti Spíritus,21.7,-78.75
2692,Sanda,34.56,134.27
2693,Sandakan,5.63,117.85
2694,Sanhsia,24.92,120.59
2695,Sanmenxia,34.56,110.92
2696,Sanming,26.52,118.21
2697,Santa Ana,13.66,-90.0
2698,Santa Catarina,26.52,-100.3
2699,Santa Clara,21.7,-80.48
2700,Santa Clarita,34.56,-118.7
2701,Santa Cruz,13.66,121.38
2702,Santa Cruz De Tenerife,28.13,-15.45
2703,Santa Cruz Do Sul,-29.74,-51.69
2704,Santa Fe,-31.35,-60.31
2705,Santa Luzia,-20.09,-44.36
2706,Santa Maria,-29.74,-53.54
2707,Santa Marta,10.45,-74.45
2708,Santa Rita,-7.23,-34.86
2709,Santa Rosa,13.66,121.38
2710,Santa Teresa,10.45,-66.27
2711,Santander,44.2,-4.47
2712,Santarém,-2.41,-55.45
2713,Santiago,-32.95,-69.89
2714,Santiago De Cuba,20.09,-75.07
2715,Santiago Del Estero,-28.13,-64.55
2716,Santo André,-23.31,-46.31
2717,Santo Domingo,18.48,-69.3
2718,Santos,-23.31,-46.31
2719,Sapele,5.63,6.46
2720,Sapucaia,-29.74,-51.69
2721,Saqqez,36.17,45.75
2722,Sarajevo,44.2,17.89
2723,Saransk,53.84,45.0
2724,Sarapul,57.05,54.59
2725,Saratov,52.24,47.3
2726,Sargodha,31.35,73.51
2727,Sarh,8.84,18.65
2728,Sari,36.17,53.7
2729,Sasaram,24.92,83.35
2730,Sasebo,32.95,129.26
2731,Saskatoon,52.24,-107.74
2732,Sassari,40.99,8.52
2733,Satara,16.87,73.67
2734,Satkhira,23.31,88.25
2735,Satna,24.92,81.58
2736,Satu Mare,47.42,22.5
2737,Savannah,31.35,-81.05
2738,Saveh,34.56,50.59
2739,Sawai Madhopur,26.52,77.01
2740,Sawangan,-5.63,106.55
2741,Sayama,36.17,139.23
2742,Scottsdale,32.95,-112.02
2743,Seattle,47.42,-121.97
2744,Sekondi,5.63,-1.61
2745,Sekudai,0.8,103.66
2746,Selam,12.05,78.9
2747,Semarang,-7.23,111.08
2748,Semey,50.63,79.86
2749,Semnan,36.17,53.7
2750,Seoni,21.7,78.75
2751,Seoul,37.78,126.1
2752,Sepatan,-5.63,106.55
2753,Serang,-5.63,106.55
2754,Serekunda,13.66,-17.34
2755,Seremban,2.41,102.05
2756,Sergiyev Posad,57.05,36.89
2757,Serpukhov,55.45,36.85
2758,Serra,-20.09,-40.95
2759,Setúbal,39.38,-8.32
2760,Sete Lagoas,-20.09,-44.36
2761,Seto,36.17,137.24
2762,Severodvinsk,65.09,40.21
2763,Seversk,57.05,84.1
2764,Sevilla,37.78,-6.1
2765,Shagamu,7.23,4.05
2766,Shah Alam,2.41,102.05
2767,Shahe,36.17,115.36
2768,Shahjahanpur,28.13,79.09
2769,Shahr E Kord,32.95,50.74
2770,Shahreza,31.35,52.77
2771,Shahrud,36.17,55.69
2772,Shakhty,47.42,39.08
2773,Shaki,8.84,4.05
2774,Shanghai,31.35,120.63
2775,Shangqiu,34.56,114.81
2776,Shangrao,28.13,117.27
2777,Shantipur,23.31,88.25
2778,Shaoguan,24.92,113.5
2779,Shaowu,28.13,117.27
2780,Shaoxing,29.74,120.0
2781,Shaoyang,26.52,111.04
2782,Shaping,23.31,112.72
2783,Sharjah,24.92,54.98
2784,Shashi,29.74,112.62
2785,Sheffield,53.84,-1.36
2786,Shekhupura,31.35,73.51
2787,Shenyang,40.99,123.55
2788,Shenzhen,23.31,114.47
2789,Sherbrooke,45.81,-72.69
2790,Sherpur,24.92,90.44
2791,Shihezi,44.2,84.97
2792,Shikarpur,28.13,68.18
2793,Shiliguri,26.52,87.76
2794,Shillong,24.92,92.22
2795,Shilong,23.31,114.47
2796,Shimla,31.35,77.28
2797,Shimoga,13.66,75.14
2798,Shimonoseki,34.56,130.38
2799,Shinyanga,-4.02,32.95
2800,Shiraz,29.74,51.69
2801,Shishou,29.74,112.62
2802,Shiyan,32.95,110.11
2803,Shizuishan,39.38,106.13
2804,Sholapur,18.48,76.06
2805,Shreveport,32.95,-92.87
2806,Shrirampur,23.31,88.25
2807,Shuangcheng,45.81,125.77
2808,Shuangyashan,47.42,131.45
2809,Shulin,24.92,120.59
2810,Shunyi,39.38,116.53
2811,Shymkent,42.59,69.82
2812,Si Racha,13.66,101.56
2813,Sialkot,32.95,73.72
2814,Siauliai,55.45,22.68
2815,Sibiu,45.81,24.23
2816,Sibu,2.41,111.7
2817,Sidoarjo,-7.23,112.7
2818,Siegen,50.63,8.87
2819,Siirt,37.78,42.71
2820,Sikar,28.13,75.45
2821,Sikasso,10.45,-5.73
2822,Silchar,24.92,92.22
2823,Simi Valley,34.56,-118.7
2824,Sincelejo,8.84,-75.41
2825,Singapore,0.8,103.66
2826,Singaraja,-8.84,114.32
2827,Singkawang,0.8,108.48
2828,Sinnar,13.66,33.85
2829,Sioux Falls,44.2,-96.15
2830,Sirajganj,24.92,90.44
2831,Sirjan,29.74,55.38
2832,Sirsa,29.74,75.69
2833,Sitapur,28.13,80.91
2834,Sivas,39.38,37.46
2835,Siverek,37.78,38.64
2836,Siwan,26.52,84.18
2837,Skopje,42.59,21.82
2838,Slough,52.24,-0.0
2839,Smolensk,55.45,31.18
2840,Soacha,4.02,-74.73
2841,Sobral,-4.02,-40.98
2842,Soc Trang,8.84,106.22
2843,Sochi,44.2,40.25
2844,Sofia,42.59,24.0
2845,Sogamoso,5.63,-72.65
2846,Sohag,26.52,32.24
2847,Soka,36.17,139.23
2848,Sokodé,8.84,0.81
2849,Sokoto,13.66,5.78
2850,Soledad,10.45,-74.45
2851,Solikamsk,60.27,58.38
2852,Solingen,50.63,6.34
2853,Somerset West,-34.56,19.46
2854,Songea,-10.45,35.18
2855,Sonipat,28.13,77.27
2856,Soreang,-7.23,107.84
2857,Sorocaba,-23.31,-48.06
2858,Sorong,-0.8,130.98
2859,Sosnowiec,50.63,19.01
2860,Soubré,5.63,-6.46
2861,South Bend,40.99,-85.21
2862,Southampton,50.63,-1.27
2863,Southend On Sea,52.24,-0.0
2864,Soweto,-26.52,28.66
2865,Soyapango,13.66,-88.35
2866,Spanish Town,18.48,-77.75
2867,Split,44.2,15.65
2868,Spokane,47.42,-117.24
2869,Spring Valley,36.17,-115.36
2870,Springfield,37.78,-93.56
2871,Springs,-26.52,28.66
2872,Srikakulam,18.48,84.51
2873,Srinagar,34.56,73.95
2874,Stamford,40.99,-74.56
2875,Stara Zagora,42.59,26.18
2876,Staryy Oskol,50.63,36.76
2877,Stavanger,58.66,6.15
2878,Stavropol,44.2,42.48
2879,Sterling Heights,42.59,-82.91
2880,Sterlitamak,53.84,55.91
2881,Stockholm,58.66,18.46
2882,Stockport,53.84,-1.36
2883,Stockton,37.78,-122.03
2884,Stoke On Trent,52.24,-2.63
2885,Strasbourg,49.03,7.35
2886,Stuttgart,49.03,9.8
2887,Subang,-7.23,107.84
2888,Suceava,47.42,27.24
2889,Sucre,-18.48,-65.92
2890,Sudbury,45.81,-81.92
2891,Suez,29.74,33.23
2892,Suihua,47.42,126.71
2893,Suining,29.74,105.23
2894,Suita,34.56,136.22
2895,Sujiatun,40.99,123.55
2896,Sukabumi,-7.23,106.22
2897,Sukaraja,-7.23,106.22
2898,Sukkur,28.13,68.18
2899,Suleja,8.84,7.3
2900,Sullana,-5.63,-80.72
2901,Sultanpur,26.52,82.39
2902,Sumaré,-23.31,-48.06
2903,Sumedang,-7.23,107.84
2904,Sumy,50.63,34.23
2905,Sunderland,55.45,-2.83
2906,Sungai Petani,5.63,100.09
2907,Sunggal,4.02,98.84
2908,Sunnyvale,37.78,-122.03
2909,Sunrise Manor,36.17,-115.36
2910,Sur,32.95,35.43
2911,Surabaya,-7.23,112.7
2912,Surakarta,-7.23,111.08
2913,Surat,21.7,73.56
2914,Surat Thani,8.84,99.73
2915,Surendranagar,23.31,72.52
2916,Surgut,61.88,73.02
2917,Suriapet,16.87,80.37
2918,Surt,31.35,16.96
2919,Susah,36.17,9.94
2920,Sutton Coldfield,52.24,-2.63
2921,Suzano,-23.31,-46.31
2922,Suzhou,31.35,120.63
2923,Suzuka,34.56,136.22
2924,Swansea,52.24,-5.26
2925,Swindon,52.24,-2.63
2926,Sydney,-34.56,151.78
2927,Syktyvkar,61.88,49.25
2928,Syracuse,37.78,16.27
2929,Syzran,53.84,47.73
2930,Székesfehérvár,47.42,17.76
2931,Szczecin,53.84,15.0
2932,Szeged,45.81,19.62
2933,Tétouan,36.17,-5.97
2934,Türkmenabat,39.38,64.51
2935,Taboão Da Serra,-23.31,-46.31
2936,Tabora,-5.63,32.29
2937,Tabriz,37.78,46.78
2938,Tabuk,28.13,37.27
2939,Tachikawa,36.17,139.23
2940,Tacloban,12.05,124.93
2941,Tacna,-18.48,-70.99
2942,Tacoma,47.42,-121.97
2943,Tadepallegudem,16.87,82.05
2944,Taganrog,47.42,39.08
2945,Tagum,7.23,125.68
2946,Taian,36.17,117.35
2947,Taicheng,21.7,113.37
2948,Taichung,24.92,120.59
2949,Tainan,23.31,119.71
2950,Taipei,24.92,122.36
2951,Taiping,4.02,100.45
2952,Taitung,23.31,121.46
2953,Taiyuan,37.78,111.86
2954,Taizhou,32.95,119.68
2955,Tajimi,36.17,137.24
2956,Takaoka,36.17,137.24
2957,Takarazuka,34.56,136.22
2958,Takasaki,36.17,139.23
2959,Takatsuki,34.56,136.22
2960,Takoradi,5.63,-1.61
2961,Talara,-4.02,-81.16
2962,Talca,-36.17,-71.6
2963,Talcahuano,-36.17,-73.59
2964,Tali,24.92,120.59
2965,Talisay,10.45,123.55
2966,Talkha,31.35,32.04
2967,Tallahassee,29.74,-84.92
2968,Tallinn,58.66,24.62
2969,Tama,36.17,139.23
2970,Tamale,8.84,-0.81
2971,Taman,-7.23,109.46
2972,Tambaram,13.66,80.09
2973,Tambov,52.24,42.04
2974,Tambun,-5.63,106.55
2975,Tampa,28.13,-82.73
2976,Tampere,61.88,22.08
2977,Tampico,21.7,-97.79
2978,Tandil,-37.78,-58.98
2979,Tando Adam,26.52,68.06
2980,Tanete,-5.63,119.46
2981,Tanga,-5.63,38.74
2982,Tangerang,-5.63,106.55
2983,Tanggu,39.38,118.61
2984,Tangier,36.17,-5.97
2985,Tangshan,37.78,113.9
2986,Tanjung Morawa,4.02,98.84
2987,Tanshui,24.92,120.59
2988,Tanta,31.35,30.16
2989,Tanza,15.27,120.83
2990,Taonan,45.81,123.46
2991,Taoyüan,24.92,120.59
2992,Tapachula,15.27,-92.5
2993,Taranto,40.99,17.04
2994,Taraz,42.59,72.0
2995,Targu Mures,45.81,24.23
2996,Tarhunah,32.95,14.36
2997,Tarija,-21.7,-64.9
2998,Tarlac,15.27,120.83
2999,Tarnow,50.63,21.55
3000,Tarragona,40.99,2.13
3001,Tarsus,37.78,34.58
3002,Tartu,58.66,27.69
3003,Tartus,34.56,35.03
3004,Tashkent,40.99,70.3
3005,Tasikmalaya,-7.23,107.84
3006,Taubaté,-23.31,-46.31
3007,Taunggyi,20.09,97.25
3008,Tauranga,-37.78,176.95
3009,Tawau,4.02,118.13
3010,Taytay,15.27,120.83
3011,Tbilisi,40.99,44.73
3012,Teófilo Otoni,-18.48,-42.25
3013,Tebingtinggi,4.02,98.84
3014,Tegal,-7.23,109.46
3015,Tegucigalpa,13.66,-86.7
3016,Tehuacán,18.48,-98.03
3017,Tekirdag,40.99,27.69
3018,Tel Aviv Yafo,31.35,33.93
3019,Teluknaga,-5.63,106.55
3020,Tema,5.63,-0.0
3021,Tembisa,-26.52,28.66
3022,Temirtau,50.63,72.25
3023,Tempe,32.95,-112.02
3024,Temuco,-39.38,-72.83
3025,Tenali,16.87,80.37
3026,Tengzhou,34.56,116.76
3027,Tepic,21.7,-104.71
3028,Teresópolis,-21.7,-42.4
3029,Teresina,-5.63,-43.59
3030,Termiz,37.78,67.12
3031,Ternate,0.8,127.77
3032,Terni,42.59,13.09
3033,Terrassa,40.99,2.13
3034,Teshie,5.63,-0.0
3035,Tete,-16.87,33.49
3036,Texcoco,20.09,-98.96
3037,Thái Nguyên,21.7,106.44
3038,Thana,18.48,72.68
3039,Thanesar,29.74,77.54
3040,Thanh Hóa,20.09,105.78
3041,Thanjavur,10.45,79.36
3042,Thanyaburi,13.66,101.56
3043,Thaton,16.87,97.12
3044,The Hague,52.24,5.26
3045,Thessaloníki,40.99,23.43
3046,Thiès,15.27,-17.5
3047,Thiruvananthapuram,8.84,77.03
3048,Thornton,39.38,-104.05
3049,Thousand Oaks,34.56,-118.7
3050,Thrissur,10.45,76.09
3051,Tianjin,39.38,116.53
3052,Tianmen,31.35,113.09
3053,Tieli,47.42,129.08
3054,Tieling,42.59,124.36
3055,Tighina,47.42,29.61
3056,Tijuana,32.95,-117.77
3057,Tilburg,52.24,5.26
3058,Timisoara,45.81,21.92
3059,Timon,-5.63,-43.59
3060,Tirana,40.99,19.17
3061,Tiruchchirappalli,10.45,79.36
3062,Tirunelveli,8.84,77.03
3063,Tirupati,13.66,80.09
3064,Tiruppur,10.45,77.73
3065,Tiruvannamalai,12.05,78.9
3066,Tiruvottiyur,13.66,80.09
3067,Titagarh,23.31,88.25
3068,Tlalnepantla,20.09,-98.96
3069,Tlaquepaque,20.09,-104.08
3070,Toamasina,-18.48,49.01
3071,Toda,36.17,139.23
3072,Tokat,40.99,36.21
3073,Tokorozawa,36.17,139.23
3074,Tokuyama,34.56,132.32
3075,Tokyo,36.17,139.23
3076,Toledo,10.45,123.55
3077,Toliary,-23.31,42.82
3078,Toluca,18.48,-99.72
3079,Tolyatti,53.84,50.45
3080,Tomakomai,42.59,141.82
3081,Toms River,39.38,-74.91
3082,Tomsk,57.05,84.1
3083,Tonalá,20.09,-104.08
3084,Tondabayashi,34.56,136.22
3085,Tongchuan,34.56,108.97
3086,Tongliao,44.2,122.98
3087,Tongling,31.35,118.74
3088,Tongzhou,39.38,116.53
3089,Tonk,26.52,75.22
3090,Topeka,39.38,-95.72
3091,Toronto,44.2,-80.5
3092,Torrance,34.56,-118.7
3093,Torreón,24.92,-102.86
3094,Torrejón De Ardoz,40.99,-4.26
3095,Torun,52.24,18.39
3096,Tottori,34.56,134.27
3097,Touliu,23.31,119.71
3098,Toulon,42.59,6.55
3099,Toulouse,44.2,2.24
3100,Toungoo,18.48,96.34
3101,Tours,47.42,1.18
3102,Townsville,-18.48,147.04
3103,Toyohashi,34.56,138.16
3104,Toyokawa,34.56,138.16
3105,Toyonaka,34.56,136.22
3106,Toyota,34.56,136.22
3107,Trabzon,40.99,40.47
3108,Trelew,-42.59,-65.45
3109,Trento,45.81,10.38
3110,Trier,49.03,7.35
3111,Trieste,45.81,12.69
3112,Trincomalee,8.84,81.89
3113,Tripoli,32.95,12.45
3114,Trois Rivières,45.81,-72.69
3115,Trondheim,63.49,9.0
3116,Trujillo,-8.84,-78.65
3117,Tshikapa,-5.63,20.99
3118,Tsuchiura,36.17,139.23
3119,Tsukuba,36.17,139.23
3120,Tubruq,31.35,24.5
3121,Tucheng,24.92,120.59
3122,Tucson,31.35,-111.2
3123,Tucuman,-26.52,-64.48
3124,Tuguegarao,18.48,121.69
3125,Tula,53.84,36.82
3126,Tulancingo,20.09,-98.96
3127,Tulsa,36.17,-95.47
3128,Tuluá,4.02,-76.34
3129,Tumbes,-4.02,-81.16
3130,Tumkur,13.66,76.79
3131,Tungi,23.31,90.0
3132,Tunis,36.17,9.94
3133,Tunja,5.63,-72.65
3134,Turgutlu,37.78,28.47
3135,Turhal,40.99,36.21
3136,Turin,45.81,8.08
3137,Turku,60.27,22.7
3138,Turmero,10.45,-67.91
3139,Tuxtla Gutiérrez,16.87,-93.77
3140,Tuzla,44.2,17.89
3141,Tver,57.05,36.89
3142,Tychy,50.63,19.01
3143,Tyumen,57.05,66.39
3144,Ube,34.56,130.38
3145,Uberaba,-20.09,-47.77
3146,Uberlândia,-18.48,-49.01
3147,Ubon Ratchathani,15.27,104.17
3148,Udgir,18.48,77.75
3149,Udon Thani,16.87,102.14
3150,Udupi,13.66,75.14
3151,Ueda,36.17,139.23
3152,Ufa,55.45,56.69
3153,Ugep,5.63,8.07
3154,Uitenhage,-34.56,25.3
3155,Uji,34.56,136.22
3156,Ujjain,23.31,76.02
3157,Ukhta,63.49,52.2
3158,Ulaanbaatar,47.42,107.76
3159,Ulan Ude,52.24,107.74
3160,Ulhasnagar,18.48,72.68
3161,Ulm,49.03,9.8
3162,Ulubaria,23.31,88.25
3163,Ulyanovsk,53.84,47.73
3164,Umm Durman,15.27,32.5
3165,Umuahia,5.63,8.07
3166,Ungaran,-7.23,111.08
3167,Unnao,26.52,80.6
3168,Uppsala,60.27,16.22
3169,Urayasu,36.17,139.23
3170,Urdaneta,15.27,120.83
3171,Urfa,37.78,38.64
3172,Uromi,7.23,5.68
3173,Uruapan,20.09,-102.37
3174,Uruguaiana,-29.74,-57.23
3175,Usak,39.38,29.13
3176,Ussuriysk,44.2,131.93
3177,Ust Ilimsk,58.66,101.54
3178,Utrecht,52.24,5.26
3179,Uvira,-4.02,29.73
3180,Uyo,5.63,8.07
3181,Uzhhorod,49.03,22.04
3182,Várzea Grande,-15.27,-55.83
3183,Várzea Paulista,-23.31,-46.31
3184,Västerås,60.27,16.22
3185,Vadodara,21.7,73.56
3186,Valdivia,-39.38,-72.83
3187,Valencia,39.38,-0.0
3188,Valladolid,40.99,-4.26
3189,Valledupar,10.45,-72.82
3190,Vallejo,37.78,-122.03
3191,Valparaiso,-32.95,-71.81
3192,Van,37.78,42.71
3193,Vanadzor,40.99,44.73
3194,Vancouver,49.03,-122.45
3195,Vanderbijlpark,-26.52,28.66
3196,Varamin,36.17,51.71
3197,Varanasi,24.92,83.35
3198,Varginha,-21.7,-45.87
3199,Varna,42.59,28.36
3200,Vejalpur,23.31,74.27
3201,Velikie Luki,57.05,30.98
3202,Velikiy Novgorod,58.66,30.77
3203,Velluru,12.05,78.9
3204,Venice,45.81,12.69
3205,Veracruz,18.48,-96.34
3206,Veraval,21.7,70.1
3207,Vereeniging,-26.52,28.66
3208,Verona,45.81,10.38
3209,Verwoerdburg,-26.52,28.66
3210,Viamão,-29.74,-51.69
3211,Vicenza,45.81,12.69
3212,Victoria,49.03,-122.45
3213,Vidisha,23.31,77.77
3214,Vienna,49.03,17.14
3215,Vientiane,18.48,103.1
3216,Vigo,42.59,-8.73
3217,Vihari,29.74,72.0
3218,Vijayawada,16.87,80.37
3219,Vila Velha,-20.09,-40.95
3220,Villa Canales,15.27,-90.83
3221,Villa Nueva,15.27,-90.83
3222,Villahermosa,18.48,-92.96
3223,Villavicencio,4.02,-73.13
3224,Villeurbanne,45.81,5.77
3225,Vilnius,55.45,25.51
3226,Vina Del Mar,-32.95,-71.81
3227,Vinh,18.48,106.48
3228,Vinh Long,10.45,105.55
3229,Vinnitsa,49.03,29.39
3230,Vinnytsya,49.03,29.39
3231,Viransehir,37.78,40.68
3232,Virar,20.09,73.36
3233,Virginia,-28.13,26.36
3234,Virginia Beach,36.17,-75.58
3235,Visakhapatnam,18.48,82.82
3236,Visalia,36.17,-119.34
3237,Vitória,-20.09,-40.95
3238,Vitória Da Conquista,-15.27,-40.83
3239,Vitória De Santo Antão,-8.84,-34.86
3240,Vitoria,42.59,-2.18
3241,Vizianagaram,18.48,82.82
3242,Vladikavkaz,42.59,43.64
3243,Vladimir,55.45,39.69
3244,Vladivostok,42.59,130.91
3245,Volgodonsk,47.42,41.45
3246,Volgograd,49.03,44.08
3247,Vologda,58.66,40.0
3248,Volta Redonda,-21.7,-44.13
3249,Volzhskiy,49.03,44.08
3250,Voronezh,52.24,39.42
3251,Vryheid,-28.13,30.0
3252,Vung Tau,10.45,107.18
3253,Würzburg,49.03,9.8
3254,Waco,31.35,-98.01
3255,Wad Madani,13.66,33.85
3256,Wah,34.56,72.0
3257,Wahran,36.17,-0.0
3258,Waitakere,-36.17,175.03
3259,Walbrzych,50.63,16.48
3260,Walsall,52.24,-2.63
3261,Wanxian,31.35,109.32
3262,Warangal,18.48,79.44
3263,Wardha,20.09,78.48
3264,Warqla,31.35,5.65
3265,Warren,42.59,-82.91
3266,Warri,5.63,6.46
3267,Warsaw,52.24,21.02
3268,Waru,-7.23,112.7
3269,Washington,39.38,-76.99
3270,Waterbury,40.99,-72.43
3271,Waterloo,44.2,-80.5
3272,Watford,52.24,-0.0
3273,Waw,7.23,28.38
3274,Wazirabad,32.95,73.72
3275,Weifang,36.17,119.34
3276,Weihai,37.78,122.03
3277,Weinan,34.56,108.97
3278,Welkom,-28.13,26.36
3279,Wellington,-40.99,174.67
3280,Wencheng,37.78,122.03
3281,Wenzhou,28.13,120.91
3282,Weru,-7.23,107.84
3283,West Bromwich,52.24,-2.63
3284,West Covina,34.56,-118.7
3285,West Jordan,40.99,-112.9
3286,West Valley City,40.99,-112.9
3287,Westminster,39.38,-104.05
3288,Westonaria,-26.52,26.87
3289,Wichita,37.78,-97.63
3290,Wichita Falls,34.56,-99.24
3291,Wiesbaden,50.63,8.87
3292,Windhoek,-23.31,16.6
3293,Windsor,42.59,-82.91
3294,Winnipeg,50.63,-97.61
3295,Winston Salem,36.17,-79.56
3296,Witbank,-26.52,28.66
3297,Witten,52.24,7.88
3298,Wloclawek,52.24,18.39
3299,Wolfsburg,52.24,10.51
3300,Wollongong,-34.56,151.78
3301,Wolverhampton,52.24,-2.63
3302,Worcester,-32.95,20.11
3303,Wroclaw,50.63,16.48
3304,Wuda,39.38,106.13
3305,Wufeng,28.13,104.55
3306,Wuhan,29.74,114.46
3307,Wuhu,31.35,118.74
3308,Wulanhaote,45.81,121.15
3309,Wuning,29.74,120.0
3310,Wuppertal,50.63,6.34
3311,Wuwei,37.78,101.69
3312,Wuxi,31.35,120.63
3313,Wuxue,29.74,116.31
3314,Wuzhou,23.31,110.97
3315,Xai Xai,-24.92,33.69
3316,Xalapa,20.09,-97.25
3317,Xiamen,24.92,118.82
3318,Xian,34.56,108.97
3319,Xiangdong,28.13,113.64
3320,Xiangfan,32.95,112.02
3321,Xiantao,29.74,112.62
3322,Xianyang,34.56,108.97
3323,Xiaolan,23.31,112.72
3324,Xiazhen,34.56,116.76
3325,Xichang,28.13,102.73
3326,Xico,20.09,-98.96
3327,Xingtai,37.78,113.9
3328,Xingyi,24.92,104.63
3329,Xining,36.17,101.44
3330,Xinpu,34.56,118.7
3331,Xintai,36.17,117.35
3332,Xinxiang,36.17,113.37
3333,Xinyang,32.95,113.94
3334,Xinzhou,37.78,111.86
3335,Xuanhua,40.99,115.03
3336,Xuanzhou,31.35,118.74
3337,Xuchang,34.56,112.86
3338,Xuzhou,34.56,116.76
3339,Yüanlin,24.92,120.59
3340,Yaan,29.74,103.38
3341,Yachiyo,36.17,139.23
3342,Yaizu,34.56,138.16
3343,Yakeshi,49.03,120.0
3344,Yamoussoukro,7.23,-5.68
3345,Yamunanagar,29.74,77.54
3346,Yanan,36.17,109.39
3347,Yancheng,32.95,119.68
3348,Yangjiang,21.7,111.63
3349,Yangmei,24.92,120.59
3350,Yangzhou,32.95,119.68
3351,Yanji,42.59,128.73
3352,Yantai,37.78,122.03
3353,Yao,34.56,136.22
3354,Yaoundé,4.02,12.05
3355,Yaroslavl,57.05,39.84
3356,Yatsushiro,32.95,131.17
3357,Yavatmal,20.09,78.48
3358,Yazd,31.35,54.66
3359,Yekaterinburg,57.05,60.49
3360,Yelahanka,13.66,76.79
3361,Yelets,52.24,39.42
3362,Yenangyaung,20.09,95.55
3363,Yerevan,40.99,44.73
3364,Yevpatoriya,45.81,33.46
3365,Yibin,28.13,104.55
3366,Yichang,31.35,111.2
3367,Yichun,28.13,113.64
3368,Yidu,36.17,119.34
3369,Yinchuan,37.78,105.76
3370,Yingcheng,24.92,113.5
3371,Yingkou,40.99,123.55
3372,Yingzhong,31.35,113.09
3373,Yining,44.2,80.5
3374,Yiyang,28.13,111.82
3375,Yizheng,32.95,119.68
3376,Yogyakarta,-7.23,111.08
3377,Yokkaichi,34.56,136.22
3378,Yokosuka,34.56,140.11
3379,Yonago,36.17,133.26
3380,Yongan,26.52,118.21
3381,Yonkers,40.99,-74.56
3382,York,53.84,-1.36
3383,Yuci,37.78,111.86
3384,Yueyang,29.74,112.62
3385,Yulin,21.7,109.9
3386,Yuncheng,34.56,110.92
3387,Yungho,24.92,122.36
3388,Yungkang,23.31,121.46
3389,Yushan,31.35,120.63
3390,Yushu,44.2,127.45
3391,Yuyao,29.74,121.85
3392,Zaanstad,52.24,5.26
3393,Zabol,31.35,62.2
3394,Zabrze,50.63,19.01
3395,Zacatecas,23.31,-102.23
3396,Zagreb,45.81,15.0
3397,Zalantun,47.42,121.97
3398,Zama,36.17,139.23
3399,Zamboanga,7.23,122.43
3400,Zamora,20.09,-102.37
3401,Zanjan,36.17,47.73
3402,Zanzibar,-5.63,38.74
3403,Zaoyang,31.35,113.09
3404,Zaozhuang,34.56,116.76
3405,Zapopan,20.09,-104.08
3406,Zaporizhzhya,47.42,34.34
3407,Zaragoza,40.99,-0.0
3408,Zaria,10.45,7.36
3409,Zelenodolsk,55.45,48.19
3410,Zelenograd,55.45,36.85
3411,Zenica,44.2,17.89
3412,Zhangdian,36.17,117.35
3413,Zhangjiakou,40.99,115.03
3414,Zhangzhou,24.92,117.04
3415,Zhanjiang,21.7,109.9
3416,Zhaocheng,37.78,120.0
3417,Zhaodong,45.81,125.77
3418,Zhaoqing,23.31,112.72
3419,Zhaotong,26.52,103.88
3420,Zhaoyang,32.95,119.68
3421,Zhenjiang,32.95,119.68
3422,Zhezkazgan,47.42,67.5
3423,Zhicheng,29.74,110.77
3424,Zhongshan,21.7,113.37
3425,Zhoucheng,24.92,102.86
3426,Zhoucun,36.17,117.35
3427,Zhoukou,32.95,113.94
3428,Zhucheng,36.17,119.34
3429,Zhuhai,21.7,113.37
3430,Zhuji,29.74,120.0
3431,Zhukovskiy,55.45,36.85
3432,Zhumadian,32.95,113.94
3433,Zhuozhou,39.38,116.53
3434,Zhuzhou,28.13,113.64
3435,Zhytomyr,50.63,29.15
3436,Zielona Gora,52.24,15.77
3437,Zigong,29.74,105.23
3438,Ziguinchor,12.05,-16.44
3439,Zinder,13.66,9.08
3440,Zlatoust,55.45,59.53
3441,Zoetermeer,52.24,5.26
3442,Zonguldak,40.99,31.95
3443,Zouxian,36.17,117.35
3444,Zunyi,28.13,106.36
3445,Zurich,47.42,8.29
3446,Zuwarah,32.95,12.45
3447,Zwolle,52.24,5.26
