,name,code,Temp
0,Antigua And Barbuda,ATG,28.712
1,Algeria,DZA,34.707
2,Azerbaijan,AZE,24.221
3,Albania,ALB,23.591
4,Armenia,ARM,21.782
5,Angola,AGO,19.656
6,American Samoa,ASM,26.901999999999997
7,Argentina,ARG,8.344000000000001
8,Australia,AUS,15.933
9,Bahrain,BHR,36.922
10,Barbados,BRB,28.284000000000002
11,Bermuda,BMU,0.0
12,Bahamas,BHS,28.31
13,Bangladesh,BGD,29.083
14,Belize,BLZ,26.759
15,Bosnia And Herzegovina,BIH,22.289
16,Bolivia,BOL,18.23
17,Burma,MMR,26.425
18,Benin,BEN,26.211
19,Solomon Islands,SLB,26.866
20,Brazil,BRA,24.201999999999998
21,Bulgaria,BGR,22.259
22,Brunei Darussalam,BRN,0.0
23,Canada,CAN,13.333
24,Cambodia,KHM,27.434
25,Sri Lanka,LKA,28.283
26,Congo,COG,23.602
27,Congo (Democratic Republic Of The),COD,23.619
28,Burundi,BDI,20.546
29,China,CHN,20.482
30,Afghanistan,AFG,28.205
31,Bhutan,BTN,18.973
32,Chile,CHL,5.774
33,Cayman Islands,CYM,28.441
34,Cameroon,CMR,23.955
35,Chad,TCD,29.50800000000001
36,Comoros,COM,24.546
37,Colombia,COL,25.276
38,Costa Rica,CRI,26.678
39,Central African Republic,CAF,24.554000000000002
40,Cuba,CUB,27.568
41,Cape Verde,CPV,26.433000000000003
42,Cook Islands,COK,0.0
43,Cyprus,CYP,27.209
44,Denmark (Europe),DNK,17.986
45,Djibouti,DJI,34.012
46,Dominica,DMA,28.167
47,Dominican Republic,DOM,27.258000000000006
48,Ecuador,ECU,21.243000000000002
49,Egypt,EGY,30.114
50,Ireland,IRL,17.299
51,Equatorial Guinea,GNQ,23.95
52,Estonia,EST,18.247
53,Eritrea,ERI,29.751
54,El Salvador,SLV,25.799
55,Ethiopia,ETH,23.784
56,Austria,AUT,18.727999999999998
57,Czech Republic,CZE,20.155
58,French Guiana,GUF,26.542
59,Finland,FIN,15.937
60,Fiji,FJI,24.196
61,Falkland Islands (Islas Malvinas),FLK,5.021
62,Micronesia ,FSM,0.0
63,French Polynesia,PYF,25.252
64,France,FRA,21.817
65,Gambia,GMB,28.92
66,Gabon,GAB,22.836
67,Georgia,GEO,19.045
68,Ghana,GHA,25.649
69,Grenada,GRD,28.35100000000001
70,Greenland,GRL,-1.2919999999999998
71,Germany,DEU,19.762
72,Guam,GUM,28.068
73,Greece,GRC,25.55
74,Guatemala,GTM,24.588
75,Guinea,GIN,24.910999999999998
76,Guyana,GUY,26.473000000000006
77,Haiti,HTI,28.226
78,Honduras,HND,25.834
79,Croatia,HRV,23.809
80,Hungary,HUN,22.491999999999997
81,Iceland,ISL,8.848999999999998
82,India,IND,27.012
83,Iran,IRN,31.459
84,Israel,ISR,27.581
85,Italy,ITA,23.651
86,Côte D'Ivoire,CIV,25.367
87,Iraq,IRQ,35.494
88,Japan,JPN,24.285999999999998
89,Jamaica,JAM,28.206
90,Jordan,JOR,29.087
91,Kenya,KEN,23.333
92,Kyrgyzstan,KGZ,17.202
93,North Korea,PRK,22.755
94,Kiribati,KIR,28.006
95,South Korea,KOR,26.571
96,Kuwait,KWT,38.234
97,Kazakhstan,KAZ,22.816
98,Laos,LAO,26.686
99,Lebanon,LBN,26.174
100,Latvia,LVA,18.427000000000003
101,Belarus,BLR,18.71
102,Lithuania,LTU,18.369
103,Liberia,LBR,24.74
104,Slovakia,SVK,19.631
105,Liechtenstein,LIE,16.657
106,Libya,LBY,30.553
107,Madagascar,MDG,19.534
108,Martinique,MTQ,28.167
109,Mongolia,MNG,18.213
110,Montserrat,MSR,28.651
111,Macedonia,MKD,22.32800000000001
112,Mali,MLI,32.028
113,Morocco,MAR,27.755
114,Mauritius,MUS,21.468000000000004
115,Mauritania,MRT,33.248000000000005
116,Malta,MLT,26.079
117,Oman,OMN,32.678000000000004
118,Maldives,MDV,0.0
119,Mexico,MEX,25.304
120,Malaysia,MYS,26.717
121,Mozambique,MOZ,20.320999999999998
122,Malawi,MWI,18.248
123,New Caledonia,NCL,21.181
124,Niue,NIU,24.221999999999998
125,Niger,NER,32.034
126,Aruba,ABW,30.171
127,Anguilla,AIA,28.904
128,Belgium,BEL,20.012999999999998
129,Hong Kong,HKG,28.386
130,Northern Mariana Islands,MNP,28.068
131,Faroe Islands,FRO,11.365
132,Andorra,AND,22.003
133,Gibraltar,GIB,0.0
134,Isle Of Man,IMN,16.462
135,Luxembourg,LUX,20.422
136,Macau,MAC,28.381
137,Monaco,MCO,21.092
138,Palestina,PSE,25.617
139,Montenegro,MNE,21.988000000000003
140,Mayotte,MYT,25.45
141,Åland,ALA,16.447
142,Norfolk Island,NFK,0.0
143,Cocos (Keeling) Islands,CCK,0.0
144,Antarctica,ATA,
145,Bouvet Island,BVT,0.0
146,French Southern And Antarctic Lands,ATF,2.9930000000000003
147,Heard Island And Mcdonald Islands,HMD,1.364
148,British Indian Ocean Territory,IOT,0.0
149,Christmas Island,CXR,26.0
150,United States Minor Outlying Islands,UMI,0.0
151,Vanuatu,VUT,0.0
152,Nigeria,NGA,26.62
153,Netherlands,NLD,18.975
154,Norway,NOR,11.838
155,Nepal,NPL,21.367
156,Nauru,NRU,0.0
157,Suriname,SUR,27.122
158,Nicaragua,NIC,26.951999999999998
159,New Zealand,NZL,6.751
160,Paraguay,PRY,18.803
161,Peru,PER,18.544
162,Pakistan,PAK,30.502
163,Poland,POL,19.584
164,Panama,PAN,27.443
165,Portugal,PRT,23.691
166,Papua New Guinea,PNG,24.389
167,Guinea Bissau,GNB,27.132
168,Qatar,QAT,37.07
169,Reunion,REU,21.81
170,Romania,ROU,20.861
171,Moldova,MDA,21.625
172,Philippines,PHL,27.372
173,Puerto Rico,PRI,27.474
174,Russia,RUS,16.051
175,Rwanda,RWA,20.021
176,Saudi Arabia,SAU,35.705999999999996
177,Saint Kitts And Nevis,KNA,27.948
178,Seychelles,SYC,26.544
179,South Africa,ZAF,12.166
180,Lesotho,LSO,8.815999999999997
181,Botswana,BWA,16.664
182,Senegal,SEN,29.406
183,Slovenia,SVN,22.381
184,Sierra Leone,SLE,25.251
185,Singapore,SGP,27.487
186,Somalia,SOM,27.757
187,Spain,ESP,24.543000000000006
188,Saint Lucia,LCA,28.42
189,Sudan,SDN,29.287
190,Sweden,SWE,15.262
191,Syria,SYR,29.777
192,Switzerland,CHE,18.905
193,Trinidad And Tobago,TTO,27.57
194,Thailand,THA,27.564
195,Tajikistan,TJK,17.555999999999994
196,Tokelau,TKL,0.0
197,Tonga,TON,21.829
198,Togo,TGO,25.698
199,Sao Tome And Principe,STP,25.09
200,Tunisia,TUN,31.156
201,Turkey,TUR,23.335
202,Tuvalu,TUV,0.0
203,Turkmenistan,TKM,30.647
204,Tanzania,TZA,21.0
205,Uganda,UGA,22.885
206,United Kingdom,GBR,16.26
207,Ukraine,UKR,20.826999999999998
208,United States,USA,22.074
209,Burkina Faso,BFA,27.956999999999997
210,Uruguay,URY,11.464
211,Uzbekistan,UZB,28.44
212,Saint Vincent And The Grenadines,VCT,28.492
213,Venezuela,VEN,25.449
214,British Virgin Islands,VGB,28.63000000000001
215,Vietnam,VNM,27.109
216,Virgin Islands,VIR,28.63000000000001
217,Namibia,NAM,16.118
218,French Polynesia,WLF,25.252
219,Samoa,WSM,26.604
220,Swaziland,SWZ,14.729000000000001
221,Yemen,YEM,31.34
222,Zambia,ZMB,18.266
223,Zimbabwe,ZWE,17.0
224,Indonesia,IDN,25.902
225,Guadeloupe,GLP,28.548000000000002
226,Sint Maarten,ANT,28.904
227,United Arab Emirates,ARE,36.69600000000001
228,Timor Leste,TLS,25.035999999999998
229,Pitcairn Islands,PCN,0.0
230,Palau,PLW,27.718000000000004
231,Marshall Islands,MHL,0.0
232,Saint Pierre and Miquelon,SPM,0.0
233,Saint Helena,SHN,0.0
234,San Marino,SMR,24.299
235,Turks And Caicas Islands,TCA,29.214
236,Western Sahara,ESH,27.916
237,Serbia,SRB,22.037
238,Holy See (Vatican City),VAT,0.0
239,Svalbard And Jan Mayen,SJM,5.354
240,Saint Martin,MAF,28.904
241,Saint Barthélemy,BLM,28.904
242,Guernsey,GGY,18.371
243,Jersey,JEY,18.371
244,South Georgia And The South Sandwich Isla,SGS,-0.2919999999999998
245,Taiwan,TWN,27.87
